Campaign_Name,Clicks,Payout
0me.com,68,2.4
0me.com,9,0
0me.com,46,0
0me.com,31,0
0me.com,24,0
0me.com,17,0
0me.com,28,0
0me.com,68,2.4
0me.com,223,2.4
0me.com,9,0
0me.com,46,0
0me.com,31,0
0me.com,24,0
0me.com,17,0
0me.com,28,0
0mecheap,1,0
0mecheap,388,18.22
0mecheap,524,12.2
0mecheap,293,10.99
0mecheap,216,15.9
0mecheap,129,4.2
0mecheap,168,1.98
0mecheap,206,2.61
0mecheap,284,5.05
0mecheap,388,18.22
0mecheap,1,0
0mecheap,2209,71.15
0mecheap,3,0
0mecheap,4,0
0mecheap,524,12.2
0mecheap,293,10.99
0mecheap,1,0
0mecheap,216,15.9
0mecheap,1,0
0mecheap,129,4.2
0mecheap,168,1.98
0mecheap,4,0
0mecheap,206,2.61
0mecheap,4,0
0mecheap,285,5.05
0mecheap,1595,64.88
0mecheap,1230,35.85
0mecheap,1309,30.11
0mecheap,1206,97.12
0mecheap,1236,58.23
0mecheap,1041,71.76
0mecheap,2,0
0meCheap.com Utility CPS - Worldwide,2,69.04
0PLoungewear.com CPS - Worldwide,4,0
0PLoungewear.com CPS - Worldwide,2,0
0PLoungewear.com CPS - Worldwide,1,0
0PLoungewear.com CPS - Worldwide,3,0
99designs WW,65,0
99designs WW,105,0
99designs WW,60,0
99designs WW,35,0
99designs WW,55,0
99designs WW,521,0
99designs WW,349,0
Abebooks Global - CPS,1182,31.998
Abebooks Global - CPS,379,20.2428
Abebooks Global - CPS,446,13.9372
Abebooks Global - CPS,446,13.9372
Abebooks Global - CPS,426,25.076
Abebooks Global - CPS,498,15.7876
Abebooks Global - CPS,3,5.5408
Abebooks Global - CPS,186,6.174
Abebooks Global - CPS,186,6.174
Abebooks Global - CPS,539,23.1328
Abebooks Global - CPS,539,23.1328
Abebooks Global - CPS,441,10.4168
Abebooks Global - CPS,441,10.4168
Abebooks Global - CPS,521,10.808
Abebooks Global - CPS,521,10.808
Abebooks Global - CPS,426,16.1412
Abebooks Global - CPS,426,16.1412
Abebooks Global - CPS,376,11.3064
Abebooks Global - CPS,376,11.3064
Abebooks Global - CPS,61,0.174
Abebooks Global - CPS,61,0.174
Abebooks Global - CPS,177,0.338
Abebooks Global - CPS,177,0.338
Abebooks Global - CPS,186,0.4488
Abebooks Global - CPS,186,0.4488
Abebooks Global - CPS,346,0
Abebooks Global - CPS,346,0
Abebooks Global - CPS,50,0.8256
Abebooks Global - CPS,50,0.8256
Abebooks Global - CPS,272,4.0216
Abebooks Global - CPS,272,4.0216
Abebooks Global - CPS,182,2.8012
Abebooks Global - CPS,182,2.8012
Abebooks Global - CPS,207,1.0128
Abebooks Global - CPS,207,1.0128
Accessorize London [CPS] IN,1,0
Accessorize London [CPS] IN,3,0
Acer [CPS] IN,196,0
Acer [CPS] IN,198,0
Acer [CPS] IN,224,0
Acer [CPS] IN,220,0
Acer [CPS] IN,24,0
Acer [CPS] IN,15,0
Acer [CPS] IN,425,0
Acer [CPS] IN,311,0
Acer [CPS] IN,248,0
Acer [CPS] IN,58,0
Acer [CPS] IN,26,0
Acer [CPS] IN,39,0
Acer [CPS] IN,39,0
Acer [CPS] IN,20,0
ADIDAS,12622,0
ADIDAS,3,0
ADIDAS,1,0
ADIDAS,2847,0
ADIDAS,12622,0
Adidas [CP] IN,2,0
Adidas [CP] IN,153,0
Adidas [CP] IN,5,0
Adidas [CP] IN,6,0
Adidas [CP] IN,15,0
Adidas [CP] IN,8,0
Adidas [CP] IN,6,0
Adidas [CP] IN,3,0
Adidas [CP] IN,1,0
Admitad Lite,7780,0
Adobe Many GEOs,159,0.404810175
Adobe Many GEOs,86,0.405532215
Adobe Many GEOs,217,0.436944915
Adobe Many GEOs,200,0.403981298
Adobe Many GEOs,152,0.366859268
Adobe Many GEOs,12,0.472779368
Adobe Many GEOs,103994,0
Adorama WW,313,0
Adorama WW,120,0
Adorama WW,87,0
Adorama WW,101,0
Adorama WW,180,0
Aimer Affiliate Program,1,0
Air Asia [CPS] IN,227,0
Air Asia [CPS] IN,641,0
Air Asia [CPS] IN,459,0
Air Vistara,52,0
Air Vistara,20,0
Air Vistara,20,0
Air Vistara,3,0
Air Vistara,7,0
Air Vistara,8,0
Air Vistara,52,0
Airalo - The World's First eSIM Store,39,2.6
Airalo - The World's First eSIM Store,16,10
Airalo - The World's First eSIM Store,1,0
Airalo - The World's First eSIM Store,23,0
Airalo - The World's First eSIM Store,2,0
Airalo - The World's First eSIM Store,32,0
Airalo - The World's First eSIM Store,24,0
Airalo - The World's First eSIM Store,1,0
Airalo - The World's First eSIM Store,33,0
Airalo - The World's First eSIM Store,32,0
Airalo - The World's First eSIM Store,54,0.6
Airalo - The World's First eSIM Store,55,5.05
Airalo - The World's First eSIM Store,23,0
Airalo - The World's First eSIM Store,1,0
AirAsia Travel,102,0
AirAsia Travel,1274,25.84725
AirAsia Travel,593,0
"AirIndiaExpress.in CPA - IN, SG & GCC",3,0
Airtel Postpaid [CPL] IN,1,0
Ajio,29,0
Ajio,1097,0
Ajio,1513,0
Ajio,1097,0
Ajio [CPS] IN,289,0
Ajio [CPS] IN,6,30.82
Ajio.com CPS - India,1,0
Alamy WW,2462,95.19
Alamy WW,2138,96.09
Alamy WW,1524,0
Alamy WW,1733,0
Alamy WW,574,0
Alamy WW,529,0
Alamy WW,364,0
Alamy WW,395,0
Alamy WW,214,0
Alamy WW,290,0
Alamy WW,593,91.77
Alibaba WW,1,0
Alibaba WW,2,0
Alibaba WW,5,0
Alibaba WW,1,0
Alibaba WW,2,0
Aliexpress IN,1,0
Aliexpress.com CPS - Worldwide,29880,0
Amala Earth,1,0
Amala Earth - Old,20,0
Amala Earth [CPS] IN,2,0
Amala Earth [CPS] IN,1,0
Amama [CPS] IN,5,0
Amama [CPS] IN,10,0
Amama [CPS] IN,21,0
Amama [CPS] IN,1,0
Amama [CPS] IN,4,0
Amama [CPS] IN,1,0
Amama [CPS] IN,1,0
American Eagle,4,0
American Eagle,11,0
American Eagle,9,0
American Eagle Many GEOs,118,0
American Eagle Many GEOs,693,0
American Eagle Many GEOs,422,0
American Eagle Many GEOs,1,0
Ancestry US CA UK AU DE,1305,0
Ancestry US CA UK AU DE,1790,0
AND [CPS] IN,28,0
AND [CPS] IN,35,0
AND [CPS] IN,44,0
AND [CPS] IN,38,0
AND [CPS] IN,14,0
AND [CPS] IN,10,0
AND [CPS] IN,1,0
AND [CPS] IN,3,0
Animoto,21,0
Animoto,125,0.16
Animoto,25,0
Animoto,90,0
Animoto,111,2.61
Animoto,96,0.48
Animoto,116,0
Animoto,57,0.13
Animoto,10,0
Animoto,1,0
Animoto,11,0
Anniecloth Global - CPS,1,0
Anniecloth Global - CPS,1,0
Anycubic,17,0
Anycubic,45,0
Anycubic,60,0
Anycubic,19,0
Anycubic,30,0
Anycubic,34,22.9
Anycubic,195,36.1
Anycubic,39,0
Anycubic,44,0
Anycubic,26,0
Anycubic,9,0
Anycubic,35,1.25
Anycubic,39,0
Apollo Pharmacy,1,0
Apollo Pharmacy,33,0
Apollo Pharmacy,26,0
Apollo Pharmacy,67,0
Apollo Pharmacy,21,0
Apollo Pharmacy,54,0
Apollo Pharmacy,49,0
Apollo Pharmacy,27,0
Apple Music,230,0
Apple Music,206,0
Apple Music,145,0
Apple Music,87,0
Apple Music,87,0
Apple Music,74,0
Apple Music,131,0
Apple Music,110,0
Aqualens [CPS] IN,1545,0
Aqualogica [CPS] IN,25,0
Aqualogica.in CPS - India,2,0
Aqualogica.in CPS - India,1,0
Aqualogica.in CPS - India,1,0
Aqualogica.in CPS - India,1,0
Aqualogica.in CPS - India,11,38.52
Aqualogica.in CPS - India,14,0
Aqualogica.in CPS - India,31,0
Aqualogica.in CPS - India,8,0
Arata,2,0
Arkuda Digital,1,0
Arkuda Digital,1,0
Arkuda Digital,1,0
At Home,14,0
At Home,2,0
At Home,7,0
At Home,3,0
AT&T Mobility CPS(Paused),1542,0
AT&T Mobility CPS(Paused),198,0
AT&T Mobility CPS(Paused),640,0
AT&T Mobility CPS(Paused),640,0
AT&T Mobility CPS(Paused),1125,0
AT&T Mobility CPS(Paused),1125,0
Atlas VPN,154,0
Atlas VPN,154,0
Atlas VPN,159,62.66
Atlas VPN,1142,42.91
Atlas VPN,2014,93.01
Atlas VPN,393,0
Atlas VPN,128,0
Atlas VPN,92,0
Atlas VPN,52,0
Atlas VPN,49,0
Atlas VPN,87,7.19
Atlas VPN,14,0
Atlas VPN,159,62.66
Atlas VPN,1049,49.48
Atlas VPN,1142,42.91
Atlas VPN,2014,93.01
Atlas VPN,393,0
Atlas VPN,128,0
Atlas VPN,92,0
Atlas VPN,52,0
Atlas VPN,49,0
Atlas VPN,87,7.19
Atlas VPN,14,0
Atlas VPN,154,0
Atlas VPN,1049,49.48
Atlas VPN,518,72.4
Atlas VPN,1142,42.91
Atlas VPN,2014,93.01
Atlas VPN,77,0
Atlas VPN,198,0
Atlas VPN,1,0
Aurora3D Software,1,0
Autodesk [CPS] APAC,6,0
Autodesk [CPS] APAC,4,0
Autodesk [CPS] APAC,7,0
Autodesk [CPS] APAC,6,0
Avira.com Utility CPS - Worlwide,10,0
Avira.com Utility CPS - Worlwide,2,0
Avira.com Utility CPS - Worlwide,7,0
Avira.com Utility CPS - Worlwide,4,0
Avira.com Utility CPS - Worlwide,3,0
Avira.com Utility CPS - Worlwide,8,52.45
Avira.com Utility CPS - Worlwide,1,0
Avira.com Utility CPS - Worlwide,1,0
Banggood,427,0
Banggood,1062,0
Banggood,430,0
Banggood,233,0
Banggood,219,0
Banggood,150,0
Banggood,127,0
Banggood,254,0
Banggood,302,0
Banggood,427,0
Banggood,17,0
Banggood,3204,0
Banggood,1062,0
Banggood,430,0
Banggood,233,0
Banggood,219,0
Banggood,150,0
Banggood,127,0
Banggood,254,0
Banggood,26,0
Banggood,302,0
Banggood,1062,0
Banggood,472,0
Banggood,236,0
Banggood,291,0
Banggood,266,0
Banggood,130,0
Banggood,79,0
Banggood WW,2070,0
Banggood WW,2733,0
Banggood WW,3052,0
Banggood WW,52,0
Banggood WW,3198,0
Banggood WW,309,0
Bath and Body Works [CPS] IN,1,0
Bath and Body Works [CPS] IN,13,0
Bath and Body Works [CPS] IN,586,0
Bath and Body Works [CPS] IN,790,0
Beardo [CPS] IN,62,0
Beardo [CPS] IN,21,0
Beardo [CPS] IN,16,0
Beardo [CPS] IN,14,0
Beardo [CPS] IN,9,0
Beardo [CPS] IN,61,0
Beardo [CPS] IN,56,0
Beardo [CPS] IN,11,0
Beardo [CPS] IN,11,0
Beardo [CPS] IN,8,0
Beardo [CPS] IN,3,0
Beardo [CPS] IN,3,0
Beatxp,59,0
Beatxp,36,0
Beatxp,3,0
Beatxp,1,0
Bellavitaorganic.com CPS - India,5,0
belle you,1,0
belle you,26,0
Bellelily Many GEOs,19,0
Bellelily Many GEOs,14,0
Bellelily Many GEOs,36,0
Bellelily Many GEOs,6,0
Bellelily Many GEOs,3,0
Bellelily Many GEOs,5,0
Bellelily Many GEOs,1,0
Bellelily Many GEOs,2,0
Bellelily Many GEOs,1,0
Benetton.com CPS - India,6,0
Benetton.com CPS - India,1,0
Benetton.com CPS - India,3,0
Benetton.com CPS - India,4,0
Benetton.com CPS - India,798,0
Benetton.com CPS - India,1463,0
Best Buy U.S,1781,0
Best Buy U.S,1,0
Best Buy U.S,5,0
Best Buy U.S,3307,0
Best Buy U.S,3195,0
Best Buy U.S,3252,0
Best Buy U.S,2934,0
Best Buy U.S,2597,0
Best Buy U.S,244,0
Best Buy U.S,27,0
Best Buy U.S,22,0
Best Buy U.S,27,0
Best Buy U.S,35,0
Best Buy U.S,10,0
Biba New [CPS] WW,5,0
Biba New [CPS] WW,2,0
Biba New [CPS] WW,1,0
Biba New [CPS] WW,8,0
BigCommerce Many GEOs,648,0
BigCommerce Many GEOs,118,0
Bigrock [CPS] IN,41,18
Bigrock [CPS] IN,60,75
Bigrock [CPS] IN,91,25
Bigrock [CPS] IN,128,50
BigRock.in,2,0
BigRock.in,3,0
BigRock.in,7,0
BigRock.in,41,27.32
BigRock.in,4,0.82
BigRock.in,9,0
BigRock.in,12,0
BigRock.in,4,0
BigRock.in,5,0
BigRock.in,8,0
BigRock.in,7,0
BigRock.in,90,28.14
BigRock.in,25,17.9
BigRock.in,41,27.32
BigRock.in,4,0.82
BigRock.in,1,0
BigRock.in,9,0
BigRock.in,3,0
BigRock.in,12,0
BigRock.in,4,0
BigRock.in,1,0
BigRock.in,5,0
BigRock.in,8,0
BigRock.in,143,11.95
BigRock.in,121,11.25
BigRock.in,173,92.96
BigRock.in,95,59.98
BigRock.in,18,0.49
BigRock.in,13,0
Bigrock.in Utility CPA - Worldwide,19,0
Blackview WW,22,0
Blackview WW,2,0
Blackview WW,7,0
Blackview WW,33,0
Blackview WW,10,0
Blackview WW,4,0
Blackview WW,2,0
Blackview WW,1,0
Blackview WW,6,0
Blackview WW,6,0
Blackview WW,3,0
Blibli.com CPS - Indonesia,347,0
Blibli.com CPS - Indonesia,397,0
Blibli.com CPS - Indonesia,664,0
Blibli.com CPS - Indonesia,337,0
Blibli.com CPS - Indonesia,209,0
Blibli.com CPS - Indonesia,157,0
Blibli.com CPS - Indonesia,77,0
Blibli.com CPS - Indonesia,394,0
Blibli.com CPS - Indonesia,277,0
Blinkist,124,0
Blinkist,54,0
Blinkist,39,0
Blinkist,16,0
Blinkist,18,0
Blinkist,23,0
Blinkist,39,0
Blinkist,65,0
Blinkist,124,0
Blinkist,379,0
Blinkist,54,0
Blinkist,39,0
Blinkist,16,0
Blinkist,18,0
Blinkist,23,0
Blinkist,39,0
Blinkist,66,0
Bluebella,3,0
Bluebella,4,0
Bluebella,13,0
Bluehost,409,0
Bluehost,23,0
Bluehost,200,0
Bluehost,86,0
Bluehost,32,0
Bluehost,41,0
Bluehost,55,0
Bluehost,74,0
Bluehost,97,0
Bluehost,409,0
Bluehost,5,0
Bluehost,2,0
Bluehost,23,0
Bluehost,11,65
Bluehost,4,0
Bluehost,200,0
Bluehost,86,0
Bluehost,3,0
Bluehost,32,0
Bluehost,5,0
Bluehost,41,0
Bluehost,55,0
Bluehost,74,0
Bluehost,98,0
Bluehost,23,0
Bluehost.com Utility CPA - Worldwide,1,0
Boat Lifestyle,99,0
Boat Lifestyle,99,0
Boat Lifestyle,195,97.56
Boat Lifestyle [CPS] IN,9,0
Boat Lifestyle [CPS] IN,45,0
Boat Lifestyle [CPS] IN,44,0
Boat Lifestyle [CPS] IN,27,0
Boat Lifestyle [CPS] IN,74,0
Boat Lifestyle [CPS] IN,4,0
boAt-lifestyle.com CPS - India,2,0
boAt-lifestyle.com CPS - India,94,0
boAt-lifestyle.com CPS - India,50,0
Boddess.com CPA - India**,1,0
Boddess.com CPA - India**,1,0
Boddess.com CPA - India**,1,0
Bodybuilding,208,0
Bodybuilding,121,0
Bodybuilding,107,0
Bodybuilding,79,0
Bodybuilding,75,0
Bodybuilding,110,0
Bodybuilding,249,0
Bodybuilding,181,0
Bombay Shaving Company [CPS] IN,1,0
Boost Mobile - CPA,269,18.0178
Boost Mobile - CPA,4,0
Boost Mobile - CPA,4,0
Boost Mobile - CPA,128,0
Boost Mobile - CPA,123,0
Boost Mobile - CPA,2,0
Boost Mobile - CPA,2,0
Boost Mobile - CPA,16,0
Boost Mobile - CPA,16,0
Boost Mobile - CPA,72,0
Boost Mobile - CPA,72,0
Boost Mobile - CPA,536,0
Boost Mobile - CPA,536,0
Boost Mobile - CPA,147,0.4499
Boost Mobile - CPA,147,0.4499
Boost Mobile - CPA,103,0.1125
Boost Mobile - CPA,103,0.1125
Boost Mobile - CPA,88,0
Boost Mobile - CPA,88,0
Boost Mobile - CPA,128,0
Boost Mobile - CPA,128,0
Boost Mobile - CPA,40,0
Boost Mobile - CPA,40,0
Boost Mobile - CPA,47,1.7999
Boost Mobile - CPA,47,1.7999
Boost Mobile - CPA,73,0
Boost Mobile - CPA,73,0
Boost Mobile - CPA,114,0
Boost Mobile - CPA,114,0
Boultaudio.com CPS - India,224,0
Boultaudio.com CPS - India,50,0
Boultaudio.com CPS - India,36,0
Boultaudio.com CPS - India,34,0
Boultaudio.com CPS - India,4,0
Boultaudio.com CPS - India,5,0
Boultaudio.com CPS - India,4,0
Boultaudio.com CPS - India,4,0
Brillare [CPS] IN,4,0
Brillare [CPS] IN,6,0
Brillare [CPS] IN,4,0
Brillare [CPS] IN,6,0
Brillare [CPS] IN,6,0
Brillare [CPS] IN,6,0
Bubble,259,11.2
Bubble,6,0
Bubble,1,0
Bubble,1,0
Bubble,32,11.2
Bubble,106,0
Bubble,259,11.2
Bubble,405,22.4
Bubble,6,0
Bubble,1,0
Bubble,1,0
Bubble,32,11.2
Bubble,106,0
Buyagift,10,0
Buyagift,23,0
Buyagift,117,0
Buyagift,2,0
Buyagift,7,0
Buyagift,8,0
Buyagift,11,0
Buyagift,23,0
Buyagift,3,0
Buyagift,20,0
Buyagift,10,0
BuyWow [CPS] IN,2,0
BuyWow [CPS] IN,4,0
Calvin Klein HK,168,0
Calvin Klein HK,1494,0
Calvin Klein HK,1096,0
Calvin Klein HK,1118,0
Calvin Klein HK,1172,0
Calvin Klein HK,1029,0
Calvin Klein HK,885,0
Calvin Klein HK,26,0
Calvin Klein HK,1,0
Calvin Klein HK,2,0
Calvin Klein HK,1,0
Calvin Klein MY,1,0
Calvin Klein SG,1,0
Calvin Klein TW,1,0
Campus Sutra [CPS] IN,15,0
Campus Sutra [CPS] IN,20,0
Campus Sutra [CPS] IN,26,0
Campus Sutra [CPS] IN,32,0
Campus Sutra [CPS] IN,11,0
Campus Sutra [CPS] IN,3,0
Campus Sutra [CPS] IN,2,0
Campus Sutra [CPS] IN,24,0
Campus Sutra [CPS] IN,108,0
Campus Sutra [CPS] IN,15,0
Campus Sutra [CPS] IN,24,0
Campus Sutra [CPS] IN,157,0
Candere [CPS] IN,2,0
Candere [CPS] IN,8,0
Candere [CPS] IN,57,0
Candere [CPS] IN,236,0
Candere [CPS] IN,87,0
Candere [CPS] IN,4,0
Candere [CPS] IN,2,0
Candere [CPS] IN,4,0
Capezio,31,0
Capezio,23,0
Capezio,23,0
Capezio,22,0
Capezio,27,0
Capezio,16,0
Capresebags.com CPS - India,7,0
Carters CPS (Offline),461,0
Carters CPS (Offline),7,0
Carters CPS (Offline),7,0
Carters CPS (Offline),7,0
Carters CPS (Offline),7,0
Carters CPS (Offline),8,0
Carters CPS (Offline),8,0
Carters CPS (Offline),4,0
Carters CPS (Offline),4,0
Carters CPS (Offline),3,0
Carters CPS (Offline),3,0
Carters CPS (Offline),1,0
Carters CPS (Offline),1,0
Carters CPS (Offline),13,0
Carters CPS (Offline),13,0
Carters CPS (Offline),14,0
Carters CPS (Offline),14,0
Carters CPS (Offline),59,0
Carters CPS (Offline),59,0
CASETiFY,353,7.02
CASETiFY,890,42.02
CASETiFY,876,55.97
CASETiFY,841,33.4
CASETiFY,247,20.85
CASETiFY,268,35.13
CASETiFY,397,3.1
CASETiFY,294,14.33
CASETiFY,304,9.2
CASETiFY,104,17.55
CASETiFY,455,36.06
CASETiFY,353,7.02
CASETiFY,890,42.02
CASETiFY,876,55.97
CASETiFY,841,33.4
CASETiFY,247,20.85
CASETiFY,268,35.13
CASETiFY,397,3.1
CASETiFY,294,14.33
CASETiFY,304,9.2
CASETiFY,104,17.55
CASETiFY,455,36.06
CASETiFY,573,20.33
CASETiFY,890,42.02
CASETiFY,876,55.97
CASETiFY,841,33.4
CASETiFY,386,45.89
CASETiFY,7,4.18
Central Department Store TH,20,0
Central Department Store TH,4,0
Central Department Store TH,1,0
Central Department Store TH,15,0
Central Department Store TH,5,0
Central Department Store TH,39,0
Central Department Store TH,17,0
CheapOair (Paused),2430,33.454
CheapOair (Paused),2430,33.454
CheapOair (Paused),10,0
CheapOair (Paused),10,0
ChicMe WW,53,0
ChicMe WW,67,0
ChicMe WW,77,0
ChicMe WW,41,0
ChicMe WW,23,0
ChicMe WW,7,0
ChicMe WW,2,0
ChicMe WW,1,0
ChicMe WW,4,0
Circleone.in CPS - India,1,0
Circleone.in CPS - India,20,0
Cisdem Inc.,5,0
Clean Email,12,0
Clean Email,12,0
Clean Email,53,0
Clean Email,40,0
Clean Email,21,0
Clean Email,32,0
Clean Email,43,0
Clean Email,45,0
Clean Email,28,0
Clean Email,13,0
Clean Email,10,0
Clean Email,4,0
Clean Email,2,0
Clean Email,15,0
Clean Email,47,0
Clean Email,53,0
Clean Email,42,0
Clean Email,313,0
Clean Email,32,0
Clean Email,43,0
Clean Email,45,0
Clean Email,28,0
Clean Email,13,0
Clean Email,10,0
Clean Email,4,0
Clean Email,2,0
Clean Email,15,0
Clean Email,47,0
Clean Email,12,0
Clean Email,42,0
Clean Email,21,0
Clean Email,32,0
Clean Email,43,0
Clean Email,45,0
Cleartrip [CPA] Many Geos,68,0
Cleartrip [CPA] Many Geos,246,0
ClearTrip.com CPS - India,186,0
ClearTrip.com CPS - India,62,0
ClearTrip.com CPS - India,100,0
ClearTrip.com CPS - India,172,0
ClearTrip.com CPS - India,117,0
Clensta [CPS] IN,1,0
Clensta [CPS] IN,10,0
Clensta [CPS] IN,3,0
Clensta [CPS] IN,1,0
Clensta [CPS] IN,1,0
Clensta [CPS] IN,4,0
Clevguard WW,37,0
Clevguard WW,2,0
Clevguard WW,1,0
Clevguard WW,1,0
Clevguard WW,1,0
Clevguard WW,14,0
Clevguard WW,139,0
Clovia,1,0
Clovia,133,0
Clovia,73,0
Clovia,73,0
Clovia,53,0
Clovia,62,0
Clovia,1,0
Clovia [CPS] IN,486,0
Clovia [CPS] IN,309,0
Clovia [CPS] IN,375,0
Clovia [CPS] IN,324,0
Clovia [CPS] IN,395,0
Clovia.com CPS - India,3,0
Condor Germany - CPS,416,31.6757
Condor Germany - CPS,350,26.6008
Condor Germany - CPS,17,0
Condor Germany - CPS,27,0
Condor Germany - CPS,27,0
Condor Germany - CPS,276,3.2757
Condor Germany - CPS,276,3.2757
Condor Germany - CPS,434,5.8537
Condor Germany - CPS,434,5.8537
Condor Germany - CPS,147,0
Condor Germany - CPS,147,0
Condor Germany - CPS,73,0
Condor Germany - CPS,73,0
Condor Germany - CPS,62,0
Condor Germany - CPS,62,0
Condor Germany - CPS,37,0
Condor Germany - CPS,37,0
Condor Germany - CPS,17,0
Condor Germany - CPS,17,0
Condor Germany - CPS,54,0
Condor Germany - CPS,54,0
Condor Germany - CPS,121,0
Condor Germany - CPS,121,0
Condor Germany - CPS,120,3.2
Condor Germany - CPS,120,3.2
Corel Roxio & Pin0cle | Multimedia Software,95,0
Corel Roxio & Pin0cle | Multimedia Software,84,0
Corel Roxio & Pin0cle | Multimedia Software,42,0
Corel Roxio & Pin0cle | Multimedia Software,70,0
Corel Roxio & Pin0cle | Multimedia Software,44,0
Corel Roxio & Pin0cle | Multimedia Software,72,0
Corel Roxio & Pin0cle | Multimedia Software,111,0
Corel Roxio & Pin0cle | Multimedia Software,21,0
Cosmic Byte [CPS] IN,25,0
"Cosstores.com CPS - KW, SA & AE",1,0
"Cosstores.com CPS - KW, SA & AE",2,0
Cotosen WW,49,0
Cotosen.com CPS - WorldWide,11,0
Cotosen.com CPS - WorldWide,1,0
Cotosen.com CPS - WorldWide,21,0
Cotosen.com CPS - WorldWide,5,0
Cotosen.com CPS - WorldWide,22,0
Cotosen.com CPS - WorldWide,13,0
Cotosen.com CPS - WorldWide,10,0
Cotosen.com CPS - WorldWide,19,0
Cotosen.com CPS - WorldWide,8,0
Cotosen.com CPS - WorldWide,33,0
Cottonon.com CPS -Worldwide,3990,0
Cottonon.com CPS -Worldwide,3350,0
Cottonon.com CPS -Worldwide,150,0
Coursera B2C Affiliate Program,60,0
Coursera B2C Affiliate Program,112,52.18
Coursera B2C Affiliate Program,42,0
Coursera B2C Affiliate Program,88,0
Crazy Domains Affiliate Program,4,0
Crazy Domains Affiliate Program,5,0
Crazy Domains Affiliate Program,8,0
Crazy Domains Affiliate Program,18,0
Crazy Domains Affiliate Program,3,0
Crazy Domains Affiliate Program,1,0
Crazy Domains Affiliate Program,5,0
Crazy Domains Affiliate Program,35,0
Crazy Domains Affiliate Program,8,0
Crazy Domains Affiliate Program,18,0
Crazy Domains Affiliate Program,3,0
Crazy Domains Affiliate Program,1,0
Crazy Domains Affiliate Program,8,0
CreditKarma (Paused),1511,0
CreditKarma (Paused),2601,0
CreditKarma (Paused),2601,0
CreditKarma (Paused),1021,0
CreditKarma (Paused),882,0
CreditKarma (Paused),10,0
CreditKarma (Paused),2500,0
CreditKarma (Paused),2500,0
CreditKarma (Paused),5256,0
CreditKarma (Paused),5256,0
CreditKarma (Paused),6229,12
CreditKarma (Paused),6229,12
CreditKarma (Paused),4223,12
CreditKarma (Paused),4223,12
CreditKarma (Paused),3973,34
CreditKarma (Paused),3973,34
CreditKarma (Paused),972,6
CreditKarma (Paused),972,6
CreditKarma (Paused),768,0
CreditKarma (Paused),768,0
CreditKarma (Paused),627,0
CreditKarma (Paused),627,0
CreditKarma (Paused),567,0
CreditKarma (Paused),567,0
CreditKarma (Paused),481,0
CreditKarma (Paused),481,0
CreditKarma (Paused),1043,0
CreditKarma (Paused),1043,0
CreditKarma (Paused),2677,0
CreditKarma (Paused),2677,0
CreditKarma (Paused),1621,0
CreditKarma (Paused),1621,0
Croma [CPS] IN,8297,98.97
Croma [CPS] IN,170,59.86
Croma [CPS] IN,164,0
Croma [CPS] IN,589,0
Croma [CPS] IN,3560,0
Croma [CPS] IN,9040,0
Croma [CPS] IN,105,0
Croma [CPS] IN,16,0
Croma.com CPS - India,494,0
Croma.com CPS - India,336,0
Croma.com CPS - India,738,0
Croma.com CPS - India,296,46.75
Cupshe Ca0da,469,0
Cupshe Ca0da,495,0
Cupshe Ca0da,2,0
Daily Objects,5,0
Daily Objects,9,0
Daily Objects,9,0
Daily Objects,36,64.15
Daily Objects,7,0
Daily Objects,2,0
Daily Objects,5,0
Daily Objects [CPS] IN & US,36,0
Daily Objects [CPS] IN & US,76,0
Daily Objects [CPS] IN & US,65,0
Daily Objects [CPS] IN & US,43,0
Damensch.com CPS - India**,377,0
Damensch.com CPS - India**,18,0
Damensch.com CPS - India**,13,0
Damensch.com CPS - India**,98,0
DataCamp,238,31.2
DataCamp,1763,77.2
DataCamp,3,0
DataCamp,1539,99.23
DataCamp,1152,29.8
DataCamp,792,51.6
DataCamp,118,0
DataCamp,5,0
DataCamp,8,0
DataCamp,2,0
DataCamp,4,0
Debenhams.com CPS - Kuwait,1,0
Debenhams.com CPS - Kuwait,1,0
Depositphotos [CPS] WW,749,0
Depositphotos [CPS] WW,561,0
Depositphotos [CPS] WW,419,0
Depositphotos [CPS] WW,420,0
Depositphotos [CPS] WW,362,0
Depositphotos [CPS] WW,345,0
Depositphotos [CPS] WW,336,0
Depositphotos [CPS] WW,627,0
DHgate,1378,88.64
DHgate,156,63.31
DHgate,191,20.74
DHgate,132,32.79
DHgate,102,17.19
DHgate,72,14.21
DHgate,427,36.39
DHgate,722,27.62
DHgate,1378,88.64
DHgate,156,63.31
DHgate,191,20.74
DHgate,132,32.79
DHgate,102,17.19
DHgate,72,14.21
DHgate,427,36.39
DHgate,724,27.62
DHgate,1870,37.99
Dhgate 2 - CPS,466,29.495
Dhgate 2 - CPS,684,76.2705
Dhgate 2 - CPS,684,76.2705
Dhgate 2 - CPS,635,82.11
Dhgate 2 - CPS,600,56.1255
Dhgate 2 - CPS,4,0
Dhgate 2 - CPS,225,22.015
Dhgate 2 - CPS,225,22.015
Dhgate 2 - CPS,705,46.5035
Dhgate 2 - CPS,705,46.5035
Dhgate 2 - CPS,49,5.81
Dhgate 2 - CPS,49,5.81
DigitalOcean,1,0
DigitalOcean,207,2.33
DigitalOcean,174,11.8
DigitalOcean,154,1.9
DigitalOcean,66,1.9
DigitalOcean,75,1.9
DigitalOcean,129,2.19
DigitalOcean,89,2.76
DigitalOcean,436,0
DigitalOcean,207,2.33
DigitalOcean,7,0
DigitalOcean,2,0
DigitalOcean,2,0
DigitalOcean,1331,24.78
DigitalOcean,3,0
DigitalOcean,8,0
DigitalOcean,4,0
DigitalOcean,3,0
DigitalOcean,174,11.8
DigitalOcean,154,1.9
DigitalOcean,1,0
DigitalOcean,66,1.9
DigitalOcean,2,0
DigitalOcean,75,1.9
DigitalOcean,129,2.19
DigitalOcean,5,0
DigitalOcean,89,2.76
DigitalOcean,3,0
DigitalOcean,438,0
DigitalOcean,35,0
DigitalOcean,201,0
DigitalOcean,257,0
DigitalOcean,268,0
DigitalOcean,225,0
DigitalOcean,73,0.7
Dominos.co.in CPA - India,431,0
Dominos.co.in CPA - India,41,0
Dominos.co.in CPA - India,21,0
Dominos.co.in CPA - India,2,0
Dominos.co.in CPA - India,54,0
Dominos.co.in CPA - India,107,0
Dominos.co.in CPA - India,75,0
Dot&Key [CPS] IN,50,0
Dot&Key [CPS] IN,113,0
Dot&Key [CPS] IN,53,0
Dot&Key [CPS] IN,72,87.58
Dot&Key [CPS] IN,50,0
Dot&Key [CPS] IN,70,0
Dot&Key [CPS] IN,9,0
Dot&Key [CPS] IN,9,0
Dot&Key [CPS] IN,10,50.92
Dot&Key [CPS] IN,21,0
Dot&Key [CPS] IN,7,0
Dot&Key [CPS] IN,16,88.88
Dot&Key [CPS] IN,7,0
Dreamhost.com Utility CPA - Worldwide,18,0
Dreamhost.com Utility CPA - Worldwide,134,0
Dreamhost.com Utility CPA - Worldwide,311,0
DressLily,1,0
Dresslily WW,63,0
Dresslily WW,31,0
Dresslily WW,6,0
Dresslily WW,11,0
Dresslily WW,4,0
Dresslily WW,2,0
Dresslily WW,2,0
Dresslily WW,2,0
Dresslily WW,1,0
Dresslily WW,2,0
Dresslily WW,3,0
Dresslily WW,1,0
Dresslily WW,3,0
Durex [CPS]IN,38,0
Durex [CPS]IN,16,0
Durex [CPS]IN,20,0
Durex [CPS]IN,6,0
Durex [CPS]IN,9,0
Durex [CPS]IN,3,0
EaseUS [CPS] WW,338,0
EaseUS [CPS] WW,588,0
EaseUS [CPS] WW,793,0
EaseUS [CPS] WW,825,0
EaseUS [CPS] WW,881,0
EaseUS [CPS] WW,108,0
EaseUS [CPS] WW,665,0
EaseUS [CPS] WW,202,0
EaseUS [CPS] WW,204,0
EaseUS [CPS] WW,148,0
EaseUS [CPS] WW,139,0
EaseUS [CPS] WW,109,0
EaseUS [CPS] WW,294,0
EaseUS [CPS] WW,859,0
EaseUS | Backup & Data Recovery,1,0
EaseUS | Backup & Data Recovery,7,0
EaseUS | Backup & Data Recovery,3,0
Easeus-software.com Utility CPS - Worldwide,1,0
Easeus-software.com Utility CPS - Worldwide,1,0
Edureka,62,0
Edureka,47,0
Edureka,87,0
Edureka,36,0
Edureka,33,0
Edureka,17,0
Edureka,34,0
Edureka,16,0
edX - CPA,129,0
edX - CPA,104,0
edX - CPA,104,0
Electronicx,1,0
Electronicx,1,0
Electronicx,2,0
Electronicx,1,0
Electronicx,1,0
ELEGOO,24,0
ELEGOO,73,54.41
ELEGOO,50,24.95
ELEGOO,41,0
ELEGOO,85,24.95
ELEGOO,83,3.5
Elfsight,90,0
Elfsight,67,0
Elfsight,62,0
Elfsight,58,0
Elfsight,76,0
Elfsight,56,0
Elfsight,9,0
Elfsight,1,0
Elfsight,2,0
Elfsight,1,0
Envato Elements,1144,0
Envato Elements,1613,0
Envato Elements,1356,0
Envato Elements,1367,0
Envato Elements,1172,0
Envato Elements,1112,0
Envato Elements,677,0
Envato Elements,860,0
Envato Elements,85,0
Envato Elements,1613,0
Envato Elements,8242,0
Envato Elements,1356,0
Envato Elements,1367,0
Envato Elements,1172,0
Envato Elements,1112,0
Envato Elements,677,0
Envato Elements,860,0
Envato Elements,85,0
Envato Market,203,0
Envato Market,160,0
Envato Market,25,0
Envato Market,10,0
Envato Market,19,0
Envato Market,9,0
Envato Market,11,0
Envato Market,1,0
Envato Market,234,0
Envato Market,160,0
Envato Market,25,0
Envato Market,10,0
Envato Market,19,0
Envato Market,9,0
Envato Market,11,0
Envato Market,1,0
Envato Placeit,163,0
Envato Placeit,395,0
Envato Placeit,268,20
Envato Placeit,283,0
Envato Placeit,236,0
Envato Placeit,195,0
Envato Placeit,180,0
Envato Placeit,154,0
Envato Placeit,9,0
Envato Placeit,395,0
Envato Placeit,1720,20
Envato Placeit,268,20
Envato Placeit,283,0
Envato Placeit,236,0
Envato Placeit,195,0
Envato Placeit,180,0
Envato Placeit,154,0
Envato Placeit,9,0
Envato Placeit,663,70
Envato Placeit,602,60
Envato Placeit,2,0
Etihad.com CPS - Worldwide,490,0
Etihad.com CPS - Worldwide,274,0
Etihad.com CPS - Worldwide,220,0
Etihad.com CPS - Worldwide,65,0
Etihad.com CPS - Worldwide,30,0
Etihad.com CPS - Worldwide,389,0
Etihad.com CPS - Worldwide,661,0
Etihad.com CPS - Worldwide,6,0
Exness Global (RETIRED),1,0.57935394
Exness Global (RETIRED),2,1.085526338
Exness Global (RETIRED),214,0
Exness Global (RETIRED),868,0
Exness Global (RETIRED),1497,0
Exness Global (RETIRED),2763,0
Exness Global (RETIRED),312,0
Exness Global (RETIRED),240,0
Exness Global (RETIRED),163,0
Exness Global (RETIRED),143,0
Expedia [CPS] Many Geos,2,0
Expedia [CPS] Many Geos,8,0
Expedia [CPS] Many Geos,1,0
ExpressVPN,1,0
"Eyewa.com CPS - BH, KW, MA, OM, QA, SA & AE",3,0
"Eyewa.com CPS - BH, KW, MA, OM, QA, SA & AE",40,0
"Eyewa.com CPS - BH, KW, MA, OM, QA, SA & AE",133,0
"Eyewa.com CPS - BH, KW, MA, OM, QA, SA & AE",40,0
"Eyewa.com CPS - BH, KW, MA, OM, QA, SA & AE",65,0
"Eyewa.com CPS - BH, KW, MA, OM, QA, SA & AE",8,0
"Eyewa.com CPS - BH, KW, MA, OM, QA, SA & AE",38,0
"Eyewa.com CPS - BH, KW, MA, OM, QA, SA & AE",28,0
Fabindia,136,0
Fabindia,5,0
Fabindia,11,0
Fabindia,3,0
Fernsnpetals [CPS] IN,8,0
Fernsnpetals [CPS] IN,3,0
Fernsnpetals [CPS] IN,8,0
Fernsnpetals [CPS] IN,3,0
Fernsnpetals [CPS] IN,7,0
Find Parking,1,0
Find Parking,1,0
Find Parking,2,0
Find Parking,1,0
Find Parking,1,0
Find Parking,1,0
Find Parking,5,0
Find Parking,1,0
Find Parking,2,0
Find Parking,1,0
Find Parking,1,0
Find Parking,1,0
Find Parking,1,0
Find Parking,2,0
Fireboltt [CPS] IN,11,0
Firstcry [CPS] IN,1,85
Firstcry [CPS] IN,17,0
Firstcry [CPS] IN,24,0
Firstcry [CPS] IN,30,0
Firstcry [CPS] IN,199,85
Firstcry [CPS] IN,61,70
Firstcry [CPS] IN,56,35
FirstCry.com CPS - India,1,0
Fiverr Many GEO's,1,0
Fiverr Many GEO's,1,0
Flipkart,1,0
Flipkart,798,22.5
Flipkart,137,0
Flipkart,1,0
Flipkart [CPS] IN,1,0
Flipkart [CPS] IN,64524,0
Flipkart.com CPS - India,1,0
Flipkart.com CPS - India,1,0
Flipkart.com CPS - India,25,0
Flipkart.com CPS - India,147,0
Flower Aura,9,0
Flower Aura,5,0
FlowerAura [CPS] IN,314,0
FlowerAura [CPS] IN,500,0
FlowerAura [CPS] IN,162,0
FlowerAura [CPS] IN,240,0
FlowerAura [CPS] IN,244,0
FlowerAura [CPS] IN,255,52.32
FlowerAura [CPS] IN,65,0
FlowerAura [CPS] IN,97,0
FlowerAura [CPS] IN,311,0
FlowerAura [CPS] IN,154,0
FlowerAura [CPS] IN,9,0
FNP (IN),45,0
FNP (IN),7,42.93
FNP (IN),14,0
FNP (IN),6,0
FNP (IN),45,0
"Footlocker.com CPS - KW, SA, AE & EG",5,0
"Footlocker.com CPS - KW, SA, AE & EG",3,0
"Footlocker.com CPS - KW, SA, AE & EG",1,0
"Footlocker.com CPS - KW, SA, AE & EG",6,0
"Footlocker.com CPS - KW, SA, AE & EG",78,0
"Footlocker.com CPS - KW, SA, AE & EG",7,0
Foreo.com CPS - Worldwide,8,0
Foreo.com CPS - Worldwide,5,0
Foreo.com CPS - Worldwide,9,0
Foreo.com CPS - Worldwide,5,0
Foreo.com CPS - Worldwide,24,0
Foreo.com CPS - Worldwide,9,0
Foreo.com CPS - Worldwide,14,0
Foreo.com CPS - Worldwide,53,0
Foreo.com CPS - Worldwide,58,0
Foreo.com CPS - Worldwide,57,0
Forest Essentials [CPS] WW,50,0
Forest Essentials [CPS] WW,2,0
Forest Essentials [CPS] WW,91,0
Forest Essentials [CPS] WW,107,0
Forest Essentials [CPS] WW,65,0
Forest Essentials [CPS] WW,1,0
Forest Essentials [CPS] WW,1,0
Forest Essentials [CPS] WW,1,0
Forest Essentials [CPS] WW,3,0
Forest Essentials [CPS] WW,2,0
Fossil [CPS] IN,250,0
Fossil [CPS] IN,1341,0
Fossil [CPS] IN,125,0
Fossil [CPS] IN,608,0
Fossil [CPS] IN,462,0
Fossil [CPS] IN,224,0
Fossil [CPS] IN,70,0
Fossil [CPS] IN,29,0
Fossil [CPS] IN,37,0
Fossil [CPS] IN,49,0
Fossil [CPS] IN,134,0
Fossil [CPS] IN,365,0
Foxtale [CPS] IN,3,0
Foxtale [CPS] IN,3,0
Freshtohome [CPS] IN,86,0
Freshtohome [CPS] IN,76,0
Freshtohome [CPS] IN,23,0
Freshtohome [CPS] IN,129,0
Freshtohome [CPS] IN,69,0
Freshtohome [CPS] IN,1,0
Freshtohome [CPS] IN,1,0
F-secure.com Utility CPS - Worldwide,1,0
F-secure.com Utility CPS - Worldwide,1,0
F-secure.com Utility CPS - Worldwide,1,0
F-secure.com Utility CPS - Worldwide,16,0
F-secure.com Utility CPS - Worldwide,133,0
F-secure.com Utility CPS - Worldwide,3,0
F-secure.com Utility CPS - Worldwide,25,0
GAP AE SA KW Offline codes & Links,79,0
GAP AE SA KW Offline codes & Links,3,0
GAP AE SA KW Offline codes & Links,326,0
GAP AE SA KW Offline codes & Links,1451,0
GasJeans [CPS] IN,45,0
GasJeans [CPS] IN,14,0
GasJeans [CPS] IN,34,0
GasJeans [CPS] IN,50,0
GasJeans [CPS] IN,10,0
GasJeans [CPS] IN,4,0
GasJeans [CPS] IN,3,0
GasJeans [CPS] IN,3,0
GasJeans [CPS] IN,6,0
Gearbest.com CPS - Worldwide,6,0
Gearbest.com CPS - Worldwide,12,0
Gearbest.com CPS - Worldwide,1,0
Geekbuying WW,337,0
Geekbuying WW,71,0
Geekbuying WW,56,0
Geekmaxi Many GEOs,12,0
Geekmaxi Many GEOs,1,0
Geekmaxi Many GEOs,4,0
Geekmaxi Many GEOs,7,0
Geekmaxi Many GEOs,1,0
Geekmaxi Many GEOs,3,0
Geekmaxi Many GEOs,25,0
Giantfood.com CPA - United States,65,0
Giantfood.com CPA - United States,25,0
Giantfood.com CPA - United States,85,0
Giantfood.com CPA - United States,55,0
Giantfood.com CPA - United States,16,0
Giantfood.com CPA - United States,43,0
Giantfood.com CPA - United States,29,0
Giantfood.com CPA - United States,32,0
Giantfood.com CPA - United States,99,0
Giva [CPS] IN,44,92.64
Giva [CPS] IN,3,0
Giva [CPS] IN,1,0
Giva.co CPS - India,1,0
Giva.co CPS - India,292,0
Giva.co CPS - India,49,0
Gocity,19,0
Gocity,19,0
Gocity,8,0
Gocity,9,0
Goibibo CPI,2,0
Goibibo Hotels [CPS] IN,2,0
Goibibo.com Bus CPS - India,24,0
Goibibo.com Bus CPS - India,23,0
Goibibo.com Bus CPS - India,6,0
Goibibo.com Bus CPS - India,20,0
Goibibo.com Domestic Hotels CPS - India,46,0
Goibibo.com Domestic Hotels CPS - India,129,0
Goibibo.com Domestic Hotels CPS - India,33,0
Goibibo.com Domestic Hotels CPS - India,79,0
Goibibo.com Domestic Hotels CPS - India,124,0
Goibibo.com Domestic Hotels CPS - India,46,0
Goibibo.com Flights CPS - India,340,0
Goibibo.com Flights CPS - India,37,0
Goibibo.com Flights CPS - India,23,0
Goibibo.com Flights CPS - India,15,0
Goibibo.com Flights CPS - India,25,0
Goibibo.com Flights CPS - India,35,0
Goibibo.com Flights CPS - India,24,0
Goibibo.com Flights CPS - India,478,0
Goibibo.com Flights CPS - India,176,0
Goibibo.com Flights CPS - India,165,0
Goibibo.com Outstation Cabs CPS - India,14,0
Goibibo.com Outstation Cabs CPS - India,1,0
Goibibo.com Outstation Cabs CPS - India,1,0
Goibibo.com Outstation Cabs CPS - India,1,0
Goibibo.com Outstation Cabs CPS - India,12,0
Goibibo.com Outstation Cabs CPS - India,2,0
Goibibo.com Trains CPS - India,118,0
Goibibo.com Trains CPS - India,15,0
Goibibo.com Trains CPS - India,11,0
Goibibo.com Trains CPS - India,8,0
Goibibo.com Trains CPS - India,5,0
GOINDIGO [ CPS ] IN,1,0
GOINDIGO [ CPS ] IN,1,0
GOINDIGO [ CPS ] IN,5,0
GoindiGo.in CPA - India,2232,0
GoindiGo.in CPA - India,771,0
GoindiGo.in CPA - India,228,0
GoindiGo.in CPA - India,100,0
GoindiGo.in CPA - India,220,0
GoindiGo.in CPA - India,304,0
GoindiGo.in CPA - India,50,0
Gonoise.com CPS - India,446,0
Gonoise.com CPS - India,96,0
Gonoise.com CPS - India,24,0
Gonoise.com CPS - India,10,0
Gonoise.com CPS - India,4,0
Gonoise.com CPS - India,12,0
Goto.com Utility CPL - United States,150,0
Goto.com Utility CPL - United States,93,0
Goto.com Utility CPL - United States,66,0
Goto.com Utility CPL - United States,6,0
Goto.com Utility CPL - United States,49,0
Goto.com Utility CPL - United States,966,0
Goto.com Utility CPL - United States,726,0
Goto.com Utility CPL - United States,496,0
Growfood,5,0
Guardian,4,0
Guardian,2,0
Guardian,1,0
Guardian,32,0
Guardian,411,0
Guardian,154,0
H&M Many GEOs,383,0
H&M Many GEOs,132,0
H&M Many GEOs,8,0
H&M Many GEOs,14,0
H&M Many GEOs,7,0
H&M Many GEOs,7624,0
H&M Many GEOs,5742,0
H&M Many GEOs,56813,0
Hamleys [CPS] IN,118,12.21
Hamleys [CPS] IN,131,0
Hamleys [CPS] IN,120,0
Hamleys [CPS] IN,126,0
Hamleys.in CPS - India,27,0
Hamleys.in CPS - India,36,0
Hamleys.in CPS - India,6,0
Hammer [CPS] IN,88,0
Hammer [CPS] IN,39,0
Hammer [CPS] IN,37,0
Hammer [CPS] IN,32,0
Hammer [CPS] IN,20,0
Hammer [CPS] IN,38,0
Hammer [CPS] IN,1,0
Happilo [CPS] IN,11,0
Happilo [CPS] IN,7,0
Happilo [CPS] IN,12,0
Happilo [CPS] IN,4,0
Happilo [CPS] IN,27,0
Happilo [CPS] IN,40,0
Happilo [CPS] IN,27,0
Happilo [CPS] IN,7,0
Happilo [CPS] IN,4,0
Happilo [CPS] IN,17,0
Happilo [CPS] IN,10,0
HappyEasyGo [CPS] IN,374,0
HappyEasyGo [CPS] IN,343,91
HappyEasyGo [CPS] IN,29,0
HappyEasyGo [CPS] IN,2,0
HappyEasyGo [CPS] IN,3,0
HappyEasyGo [CPS] IN,1,0
HappyEasyGo [CPS] IN,4,0
HappyFares [CPS] IN,570,0
HappyFares [CPS] IN,371,0
HappyFares [CPS] IN,575,0
HappyFares [CPS] IN,577,0
HappyFares [CPS] IN,564,0
HappyFares [CPS] IN,504,0
HappyFares [CPS] IN,10,0
HappyFares [CPS] IN,1,0
HappyFares [CPS] IN,1,0
HappyFares [CPS] IN,6,0
HappyFares [CPS] IN,11,0
HappyFares [CPS] IN,4,0
HappyFares [CPS] IN,6,0
Healthkart.com CPS - India,227,71.39
Healthkart.com CPS - India,3,0
Healthkart.com CPS - India,24,0
Healthkart.com CPS - India,2,0
Healthkart.com CPS - India,1,0
Healthkart.com CPS - India,22,0
Healthkart.com CPS - India,40,0
Healthkart.com CPS - India,95,0
Healthkart.com CPS - India,38,0
Hewlett Packard (HP),31,0
Hewlett Packard (HP),15,0
Hewlett Packard (HP),13,0
Hewlett Packard (HP),18,0
Hewlett Packard (HP),14,0
Hewlett Packard (HP),12,0
Hewlett Packard (HP),16,0
Hewlett Packard (HP),7,0
hidemy.0me vpn,15,0
hidemy.0me vpn,22,0
hidemy.0me vpn,45,0
Himalaya Wellness [CPS] IN,175,29.7
Himalaya Wellness [CPS] IN,259,38.27
Himalaya Wellness [CPS] IN,168,0
HKVitals,1,0
HKvitals.com CPS - India,51,0
HKvitals.com CPS - India,1,0
HKvitals.com CPS - India,1,0
HKvitals.com CPS - India,1,0
HKvitals.com CPS - India,3,0
HKvitals.com CPS - India,9,0
Hopscotch [CPS] IN,62,0
Hopscotch [CPS] IN,20,0
Hopscotch [CPS] IN,48,0
Hopscotch [CPS] IN,2,0
Hopscotch [CPS] IN,4,0
Hopscotch [CPS] IN,50,0
Hostarmada.com Utility CPA - Worldwide,1,0
Hostarmada.com Utility CPA - Worldwide,25,0
Hostarmada.com Utility CPA - Worldwide,45,0
Hostinger,11,0
Hostinger,146,0
Hostinger,417,88.08
Hostinger,144,0
Hostinger,184,0
Hostinger,11,0
Hostinger,6,0
Hostinger,5,0
Hostinger,306,0
Hostpapa.com Utility CPA - Worldwide,13,0
Hostpapa.com Utility CPA - Worldwide,14,0
Hostpapa.com Utility CPA - Worldwide,17,0
Hostpapa.com Utility CPA - Worldwide,10,0
Hostpapa.com Utility CPA - Worldwide,20,0
Hostpapa.com Utility CPA - Worldwide,8,0
Hostpapa.com Utility CPA - Worldwide,62,0
Hostwinds.com Utility CPA - Worldwide,1,0
Hostwinds.com Utility CPA - Worldwide,1,0
Hostwinds.com Utility CPA - Worldwide,13,0
Hyugalife [CPS] IN,1,0
IGP [CPS] WW,108,0
IGP [CPS] WW,44,0
IGP [CPS] WW,4,0
IGP [CPS] WW,3,0
IGP [CPS] WW,3,0
IGP [CPS] WW,23,0
IGP [CPS] WW,136,41.15
Insider [CPS] IN,7017,0
Insider [CPS] IN,4545,0
Insider [CPS] IN,5151,0
Insider [CPS] IN,4340,0
Insider [CPS] IN,3056,0
InVideo,318,12.5
InVideo,865,13.13
InVideo,923,41.25
InVideo,270,15
InVideo,150,0
InVideo,126,0
InVideo,166,0
InVideo,137,0
InVideo,178,0
InVideo,191,9
InVideo,318,12.5
InVideo,3325,90.88
InVideo,865,13.13
InVideo,923,41.25
InVideo,270,15
InVideo,150,0
InVideo,126,0
InVideo,166,0
InVideo,137,0
InVideo,178,0
InVideo,192,9
InVideo,865,13.13
InVideo,923,41.25
InVideo,207,0
InVideo,630,15
InVideo,1174,29.75
InVideo,1383,30
InVideo,291,0
InVideo,209,0
InVideo,1,0
InVideo WW,1524,0
Ivacy.com Utility CPA - Worldwide,1,0
Ivacy.com Utility CPA - Worldwide,25,0
Jack Jones Junior [CPS] IN,3,0
Jack Jones Junior [CPS] IN,1,0
Jack&Jones [CPS] IN,15,0
Jack&Jones [CPS] IN,107,0
Jack&Jones [CPS] IN,88,0
Jack&Jones [CPS] IN,14,0
Jack&Jones [CPS] IN,15,0
Jack&Jones [CPS] IN,4,0
Jack&Jones [CPS] IN,85,0
Jack&Jones [CPS] IN,391,0
Jaqulineusa.com CPS - India,1,0
JBL,13,0
JBL,169,0
JBL,45,0
JBL,14,0
JBL,14,0
JBL,6,0
JBL,4,0
JBL,107,0
JBL,13,0
JIMDO - CPA,72,0
JIMDO - CPA,7,0
JIMDO - CPA,48,0
JIMDO - CPA,48,0
JIMDO - CPA,50,0
JIMDO - CPA,50,0
Jiomart [CPS] IN,21,0
Jiomart [CPS] IN,15,0
Jiomart [CPS] IN,21,0
Jiomart [CPS] IN,15,0
Jiomart [CPS] IN,7,17.69
Jiomart [CPS] IN,196,5.24
Jiomart [CPS] IN,834,15.54
Jiomart [CPS] IN,690,88.73
Jiomart [CPS] IN,434,0
Jiomart [CPS] IN,626,0
Jiomart [CPS] IN,91,0
JOCKEY [CPS] IN,296,62.38
JOCKEY [CPS] IN,3,0
JOCKEY [CPS] IN,2,0
JOCKEY [CPS] IN,7,0
JOCKEY [CPS] IN,14,0
JOCKEY [CPS] IN,3,0
Jomashop Global - CPS (Paused),887,0
Jomashop Global - CPS (Paused),38,0
Jomashop Global - CPS (Paused),47,0
Jomashop Global - CPS (Paused),47,0
Jomashop Global - CPS (Paused),1,0
Jomashop Global - CPS (Paused),1,0
Jomashop Global - CPS (Paused),29,0
Jomashop Global - CPS (Paused),29,0
Jomashop Global - CPS (Paused),1,0
Jomashop Global - CPS (Paused),1,0
Joyoshare,3,0
Joyoshare,5,0
Joyoshare,6,0
Joyoshare,14,0
Joyoshare,7,0
Joyoshare,4,0
Joyoshare,7,0
Juicy Chemistry [CPS] IN,8,0
Justfashionnow WW,34,0
Justfashionnow WW,44,0
Justfashionnow WW,39,0
Justfashionnow WW,28,0
Justfashionnow WW,18,0
Justfashionnow WW,14,0
Justfashionnow WW,10,0
Justfashionnow WW,2,0
Justfashionnow WW,8,0
Justfashionnow WW,1,0
Kama Ayurveda,9,0
Kama Ayurveda,3,0
Kamaayurveda [CPS] Many Geo's,3,0
Kamaayurveda.in CPS - India,1,0
Kapiva,2,0
Kapiva.in CPS - India,35,0
Kapiva.in CPS - India,2,0
Kapiva.in CPS - India,2,0
Kapiva.in CPS - India,2,0
Kaspersky,11,0
Kaspersky,1,0
Kaspersky,4,0
Kaspersky,11,0
Kaspersky,279,0
Kaspersky [CPS] IN,23,0
Kaspersky [CPS] IN,11,0
Kaspersky [CPS] IN,26,0
Kaspersky [CPS] IN,30,0
Kaspersky [CPS] IN,14,0
Kaspersky Many GEOs,65,0
Kaspersky Many GEOs,930,58.13
Kdan Mobile WW,79,0
Kdan Mobile WW,51,0
Kdan Mobile WW,69,0
Kdan Mobile WW,81,0
Kdan Mobile WW,90,0
Kdan Mobile WW,16,0
Kdan Mobile WW,17,0
Kdan Mobile WW,8,0
Khadi Essentials,1,0
KICKS CREW,258,0
KICKS CREW,2,0
KICKS CREW,167,0
KICKS CREW,179,0
KICKS CREW,227,0
KICKS CREW,206,0
KICKS CREW,167,0
KICKS CREW,7,0
KICKS CREW,1,0
KICKS CREW,1,0
KICKS CREW,1,0
KICKS CREW,1,0
Kindlife [CPS] IN,5,0
Kindlife [CPS] IN,3,0
Kindlife [CPS] IN,1,0
Kiwi.com CPS - Worldwide,376,0
Kiwi.com CPS - Worldwide,564,0
Kiwi.com CPS - Worldwide,2091,0
Kiwi.com CPS - Worldwide,5215,0
KKday - CPS,306,49.3789
KKday - CPS,231,32.9729
KKday - CPS,288,56.0863
KKday - CPS,288,56.0863
KKday - CPS,285,42.991
KKday - CPS,286,23.6082
KKday - CPS,1,0
KKday - CPS,397,13.9312
KKday - CPS,397,13.9312
KKday - CPS,1304,49.9907
KKday - CPS,1304,49.9907
KKday - CPS,1201,38.0834
KKday - CPS,1201,38.0834
KKday - CPS,1764,78.8661
KKday - CPS,1764,78.8661
KKday - CPS,1786,85.413
KKday - CPS,1786,85.413
KKday - CPS,244,11.3145
KKday - CPS,244,11.3145
KKday - CPS,223,14.0625
KKday - CPS,223,14.0625
KKday - CPS,235,8.3532
KKday - CPS,235,8.3532
KKday - CPS,238,28.0425
KKday - CPS,238,28.0425
KKday - CPS,168,2.3718
KKday - CPS,168,2.3718
KKday - CPS,284,34.8525
KKday - CPS,284,34.8525
KKday - CPS,423,49.7544
KKday - CPS,423,49.7544
KKday - CPS,257,74.9655
KKday - CPS,257,74.9655
Klook - CPS,17,8.1806
Klook - CPS,963,26.2622
Klook - CPS,963,26.2622
Klook - CPS,829,60.4913
Klook - CPS,829,60.4913
Klook - CPS,690,29.3923
Klook - CPS,690,29.3923
Klook - CPS,552,73.8542
Klook - CPS,552,73.8542
Klook - CPS,488,21.3818
Klook - CPS,488,21.3818
Klook - CPS,531,12.8144
Klook - CPS,531,12.8144
Klook - CPS,190,39.8414
Klook - CPS,190,39.8414
Klook - CPS,2,0
Klook - CPS,2,0
Knowfashionstyle WW,18,0
Knowfashionstyle WW,56,0
Knowfashionstyle WW,48,0
Knowfashionstyle WW,50,0
Knowfashionstyle WW,1,0
KnowledgeHut.com CPS - Worldwide,337,0
KnowledgeHut.com CPS - Worldwide,114,0
KnowledgeHut.com CPS - Worldwide,185,0
KnowledgeHut.com CPS - Worldwide,66,0
KnowledgeHut.com CPS - Worldwide,44,0
KnowledgeHut.com CPS - Worldwide,29,0
KnowledgeHut.com CPS - Worldwide,85,0
KnowledgeHut.com CPS - Worldwide,304,0
KnowledgeHut.com CPS - Worldwide,128,0
Kushal's,2,0
Kushal's,4,0
Lakme,9,0
Lakme,9,0
Lakme,4,0
Lakme,3,0
Lattelierstore,3,0
Lattelierstore,2,0
Lattelierstore,2,0
Lattelierstore,1,0
Lazada App (ID),190,0
Lazada App (ID),131,0
Lazada App (ID),114,0
Lazada App (ID),34,0
Lazada App (ID),41,0
Lazada App (ID),36,0
Lazada App (PH),20,28.9
Lazada App (PH),34,0
Lazada App (PH),24,0
Lazada App (PH),22,0
Lazada App (PH),6,0
Lazada App (PH),20,0
Lazada.com.my CPS - Malaysia,33,0
Lazada.com.my CPS - Malaysia,7,38.71
Lazada.com.my CPS - Malaysia,5,0
Lazada.com.my CPS - Malaysia,5,9.66
Lazada.com.my CPS - Malaysia,3,0
Lazada.sg CPS - Singapore,20,72.6
Lazada.th CPS - Thailand,85,0
Lazada.th CPS - Thailand,55,0
Lazada.th CPS - Thailand,78,0
Learn Laugh Speak,4,0
Learn Laugh Speak,1,0
Learn Laugh Speak,1,0
Learn Laugh Speak,1,0
Learn Laugh Speak,1,0
Learn Laugh Speak,4,0
Learn Laugh Speak,8,0
Learn Laugh Speak,1,0
Learn Laugh Speak,1,0
Learn Laugh Speak,1,0
Learn Laugh Speak,1,0
Lenovo Colombia,1,0
Lenovo Colombia,1,0
Lenovo Colombia,1,0
Lenovo Hong Kong,1,0
Lenovo Hong Kong,1,0
Lenovo Hong Kong,1,0
Lenovo India,27,0
Lenovo India,27,0
Lenovo India,1564,0
Lenovo India,57,0
Lenovo India,84,0
Lenovo India,90,0
Lenovo India,143,0
Lenovo India,164,0
Lenovo India,10,0
Lenovo India,331,0
Lenovo India,1781,0
Lenovo India,1564,0
Lenovo India,6,0
Lenovo India,57,0
Lenovo India,4169,0
Lenovo India,90,0
Lenovo India,143,0
Lenovo India,164,0
Lenovo India,10,0
Lenovo India,12,0
Lenovo India,331,0
Lenovo India,13,0
Lenovo India,1785,0
Lenovo India,27,0
Lenovo India,57,0
Lenovo India,84,0
Lenovo India,90,0
Lenovo India,143,0
Lenovo India,164,0
Lenovo India,957,0
Lenovo India,751,5.89
Lenovo India,853,0
Lenovo India,9,0
Lenovo India [CPS] IN,25,0
Lenovo India [CPS] IN,15,0
Lenovo India [CPS] IN,12,0
Lenovo India [CPS] IN,19,0
Lenovo India [CPS] IN,11,0
Lenovo Mexico,1,0
Lenovo Mexico,1,0
Lenovo Mexico,1,0
Lenovo Peru,1,0
Lenovo Peru,1,0
Lenovo Peru,1,0
Lenovo Singapore,2,0
Lenovo Singapore,2,0
Lenovo Singapore,2,0
Lenovo South Korea,3,0
Lenovo South Korea,3,0
Lenovo South Korea,3,0
Lenovo Thailand,1,0
Lenovo Thailand,1,0
Lenovo Thailand,1,0
LightintheBox.com CPS - Worldwide,579,0
LightintheBox.com CPS - Worldwide,341,0
LightintheBox.com CPS - Worldwide,149,0
LightintheBox.com CPS - Worldwide,3,0
LightintheBox.com CPS - Worldwide,3,0
LightintheBox.com CPS - Worldwide,8,0
Lilicloth WW,3,0
Lilicloth WW,1,0
Lilicloth WW,1,0
Lilicloth WW,6,0
Linode.com Utility CPA - Worldwide,18,0
Linode.com Utility CPA - Worldwide,18,0
Linode.com Utility CPA - Worldwide,21,0
Liquid Web WW,46,0
Liquid Web WW,37,0
Liquid Web WW,28,0
Liquid Web WW,17,0
Liquid Web WW,15,0
Liquidweb.com Utility CPS - Worldwide,88,0
Liquidweb.com Utility CPS - Worldwide,11,0
Liquidweb.com Utility CPS - Worldwide,2,0
Liquidweb.com Utility CPS - Worldwide,2,0
Liquidweb.com Utility CPS - Worldwide,13,0
Liquidweb.com Utility CPS - Worldwide,8,0
Liquidweb.com Utility CPS - Worldwide,10,0
LOOKFANTASTIC (Global) - CPS,210,8.496
LOOKFANTASTIC (Global) - CPS,189,5.3696
LOOKFANTASTIC (Global) - CPS,182,12.9124
LOOKFANTASTIC (Global) - CPS,182,12.9124
LOOKFANTASTIC (Global) - CPS,109,10.2254
LOOKFANTASTIC (Global) - CPS,128,13.5706
LOOKFANTASTIC (Global) - CPS,1,0
LOOKFANTASTIC (Global) - CPS,1,0
LOOKFANTASTIC (Global) - CPS,12,2.3822
LOOKFANTASTIC (Global) - CPS,12,2.3822
LOOKFANTASTIC (Global) - CPS,22,2.4644
LOOKFANTASTIC (Global) - CPS,22,2.4644
LOOKFANTASTIC (Global) - CPS,12,2.0096
LOOKFANTASTIC (Global) - CPS,12,2.0096
LOOKFANTASTIC (Global) - CPS,13,4.398
LOOKFANTASTIC (Global) - CPS,13,4.398
LOOKFANTASTIC (Global) - CPS,21,0
LOOKFANTASTIC (Global) - CPS,21,0
LOOKFANTASTIC (Global) - CPS,55,0
LOOKFANTASTIC (Global) - CPS,55,0
LOOKFANTASTIC (Global) - CPS,75,0
LOOKFANTASTIC (Global) - CPS,75,0
LOOKFANTASTIC (Global) - CPS,48,0
LOOKFANTASTIC (Global) - CPS,48,0
LOOKFANTASTIC (Global) - CPS,14,0
LOOKFANTASTIC (Global) - CPS,14,0
LOOKFANTASTIC (Global) - CPS,35,0
LOOKFANTASTIC (Global) - CPS,35,0
LOOKFANTASTIC (Global) - CPS,232,0
LOOKFANTASTIC (Global) - CPS,232,0
LOOKFANTASTIC (Global) - CPS,393,0
LOOKFANTASTIC (Global) - CPS,393,0
LOOKFANTASTIC (Global) - CPS,284,0
LOOKFANTASTIC (Global) - CPS,284,0
Lookfantastic.com CPS - Worldwide,1,0
Loragal,1,0
Loragal,1,0
Loragal,2,0
Loragal,1,0
Loragal,4,0
Loragal,1,0
Loragal,2,0
Lotus Herbals [CPV] IN,30,0
Lotus Herbals [CPV] IN,6,0
Lotus Herbals [CPV] IN,8,0
Lotus Herbals [CPV] IN,2,0
Lotus Herbals [CPV] IN,3,0
Lotus Professio0ls [ CPV ] IN,3,0
Lotus Professio0ls [ CPV ] IN,1,0
Lotus Professio0ls [ CPV ] IN,1,0
Lotus Professio0ls [ CPV ] IN,2,0
"Love, Bonito Inter0tio0l",1,0
"Love, Bonito Inter0tio0l",344,35.8
"Love, Bonito Inter0tio0l",212,17.55
"Love, Bonito Inter0tio0l",196,7.6
"Love, Bonito Inter0tio0l",160,31.45
"Love, Bonito Inter0tio0l",1,0
"Love, Bonito Inter0tio0l",2,0
"Love, Bonito USA",52,0
"Love, Bonito USA",250,50
"Love, Bonito USA",184,0
LoveBeautyandPlanet.in CPS - India,4,0
LoveBeautyandPlanet.in CPS - India,4,0
LoveBeautyandPlanet.in CPS - India,1,0
LoveBeautyandPlanet.in CPS - India,6,0
LoveBeautyandPlanet.in CPS - India,5,0
Lovely Wholesale,1,0
Lu0rship Software,38,0
Lu0rship Software,38,0
Lu0rship Software,75,0
Lu0rship Software,94,0
Lu0rship Software,64,0
Lu0rship Software,15,0
Lu0rship Software,1,0
Lu0rship Software,2,0
Lu0rship Software,2,0
Lu0rship Software,78,0
Lu0rship Software,178,0
Lu0rship Software,64,0
Lu0rship Software,15,0
Lu0rship Software,1,0
Lu0rship Software,2,0
Lu0rship Software,2,0
Lu0rship Software,38,0
Lu0rship Software,78,0
Lu0rship Software,94,0
Lu0rship Software,64,0
Lu0rship Software,15,0
Lu0rship Software,1,0
Luxuryescapes.com CPS - UAE,1,0
MacPaw,20,0
MacPaw,59,0
MacPaw,43,0
MacPaw,40,0
MacPaw,52,0
MacPaw,92,3.06
Macy's Many GEOs,176,0
Magzter,7,0
Magzter,16,0
MakeMyTrip.com Bus CPS - India,676,0
MakeMyTrip.com Bus CPS - India,65,0
MakeMyTrip.com Bus CPS - India,94,0
MakeMyTrip.com Bus CPS - India,44,0
MakeMyTrip.com Bus CPS - India,76,0
MakeMyTrip.com Bus CPS - India,90,0
MakeMyTrip.com Bus CPS - India,38,0
MakeMyTrip.com Bus CPS - India,722,0
MakeMyTrip.com Bus CPS - India,321,0
MakeMyTrip.com Bus CPS - India,221,0
MakeMyTrip.com Domestic Flights CPS - India,120,0
MakeMyTrip.com Domestic Flights CPS - India,218,0
MakeMyTrip.com Domestic Flights CPS - India,186,0
Makemytrip.com Domestic Hotels CPS - India,337,0
Makemytrip.com Domestic Hotels CPS - India,797,0
Makemytrip.com Domestic Hotels CPS - India,233,0
Mama Earth,20,0
Mama Earth,1,0
Mamaearth [CPS] IN,8,0
Mamaearth [CPS] IN,16,0
Mamaearth [CPS] IN,2,0
MamaEarth.in CPS - India,43,0
MamaEarth.in CPS - India,54,0
MamaEarth.in CPS - India,55,0
ManyChat,332,15
ManyChat,363,15
ManyChat,2,0
ManyChat,3,0
ManyChat,3,0
ManyChat,231,0
ManyChat CPA (Offline),2,0
ManyChat CPA (Offline),38,0
ManyChat CPA (Offline),38,0
ManyChat CPA (Offline),80,0
ManyChat CPA (Offline),80,0
ManyChat CPA (Offline),90,0
ManyChat CPA (Offline),90,0
ManyChat CPA (Offline),232,0
ManyChat CPA (Offline),232,0
ManyChat CPA (Offline),371,0
ManyChat CPA (Offline),371,0
ManyChat CPA (Offline),33,0
ManyChat CPA (Offline),33,0
Marks & Spencer,12,0
Marks & Spencer,12,0
Marks & Spencer,3,0
McAfee Consumer,299,20
McAfee Consumer,263,15
McAfee Consumer,1,0
McAfee Consumer,1,0
McAfee Consumer,1,0
McAfee Consumer,7,0
McAfee Consumer,2,0
Mcaffeine [CPS] IN,298,88.06
Mcaffeine [CPS] IN,125,0
Mcaffeine [CPS] IN,8,0
Mcaffeine [CPS] IN,7,0
Mcaffeine [CPS] IN,1,0
Mcaffeine.com CPS - India,2,0
Mcaffeine.com CPS - India,10,0
Medibuddy [CPS] IN,1098,0
Medibuddy [CPS] IN,695,0
Medibuddy [CPS] IN,971,0
Medibuddy [CPS] IN,575,0
Medibuddy [CPS] IN,441,0
Medibuddy [CPS] IN,64,0
Medibuddy [CPS] IN,263,0
Medibuddy [CPS] IN,996,0
Medibuddy [CPS] IN,554,0
Medibuddy [CPS] IN,16,0
Medibuddy [CPS] IN,15,0
Medibuddy [CPS] IN,5,0
Medibuddy [CPS] IN,43,0
Medibuddy [CPS] IN,50,0
Medibuddy [CPS] IN,10,0
Medibuddy Health Checkup [CPS] IN,2,0
MEL Science,1,0
MEL Science,1,0
MEL Science,2,0
MEL Science,1,0
MEL Science,1,0
Microsoft [CPS] IN US APAC,2663,75.2
Microsoft [CPS] IN US APAC,483,0
Microsoft [CPS] IN US APAC,346,0
Microsoft [CPS] IN US APAC,384,0
Microsoft [CPS] IN US APAC,335,0
Microsoft [CPS] IN US APAC,202,0
Microsoft [CPS] IN US APAC,227,0
Millennium Hotels - CPS,137,3.5955
Millennium Hotels - CPS,137,3.5955
Millennium Hotels - CPS,135,8.9546
Millennium Hotels - CPS,65,13.9256
Millennium Hotels - CPS,2,0
Millennium Hotels - CPS,2,0
Millennium Hotels - CPS,101,3.2953
Millennium Hotels - CPS,101,3.2953
Millennium Hotels - CPS,12,0
Millennium Hotels - CPS,12,0
Millennium Hotels - CPS,32,0
Millennium Hotels - CPS,32,0
Millennium Hotels - CPS,7,2.975
Millennium Hotels - CPS,7,2.975
Millennium Hotels - CPS,1,0
Millennium Hotels - CPS,1,0
Millennium Hotels - CPS,27,0
Millennium Hotels - CPS,27,0
Millennium Hotels - CPS,8,0
Millennium Hotels - CPS,8,0
Millennium Hotels - CPS,7,0
Millennium Hotels - CPS,7,0
MindMa0ger | Mind Mapping Software,9,0
MindMa0ger | Mind Mapping Software,10,0
MindMa0ger | Mind Mapping Software,8,0
MindMa0ger | Mind Mapping Software,6,0
MindMa0ger | Mind Mapping Software,16,0
MindMa0ger | Mind Mapping Software,35,0
Missoma CPS (Paused),90,0
Missoma CPS (Paused),9,0
Missoma CPS (Paused),9,0
Missoma CPS (Paused),1,0
Missoma CPS (Paused),1,0
Missoma CPS (Paused),3,0
Missoma CPS (Paused),3,0
Missoma CPS (Paused),3,0
Missoma CPS (Paused),3,0
Missoma CPS (Paused),18,0
Missoma CPS (Paused),18,0
Missoma CPS (Paused),6,0
Missoma CPS (Paused),6,0
Missoma CPS (Paused),5,0
Missoma CPS (Paused),5,0
Mivi [CPS] IN,7,0
Mivi [CPS] IN,63,0
Mivi [CPS] IN,130,0
Mivi [CPS] IN,159,0
Mivi [CPS] IN,115,0
Mivi [CPS] IN,108,0
Mivi [CPS] IN,2,0
Mivi [CPS] IN,1,0
Mivi [CPS] IN,1,0
Mivi [CPS] IN,3,0
MMT - DF [CPS] IN,10,0
MMT - DF [CPS] IN,39,0
MMT - DF [CPS] IN,63,0
MMT - DF [CPS] IN,255,0
MMT - DF [CPS] IN,126,0
MMT Hotels [CPS] IN,13,0
MMT Hotels [CPS] IN,43,0
MMT Hotels [CPS] IN,120,0
MMT Hotels [CPS] IN,253,0
Moglix [CPS] IN,7,0
Moglix [CPS] IN,13,0
Moglix [CPS] IN,510,0
Moglix [CPS] IN,543,0
Moglix [CPS] IN,277,0
Moglix [CPS] IN,60,0
Moglix [CPS] IN,116,0
Moglix [CPS] IN,53,0
Moglix [CPS] IN,58,0
Moglix [CPS] IN,51,0
Mondelez Cadbury [CPS] IN,19,0
Mondelez Cadbury [CPS] IN,21,0
Mondelez Cadbury [CPS] IN,8,0
Moosejaw.com Global - CPS,16,0.958
Moosejaw.com Global - CPS,16,0
Moosejaw.com Global - CPS,1,0
Moosejaw.com Global - CPS,8,6.249
Moosejaw.com Global - CPS,8,6.249
Moosejaw.com Global - CPS,56,22.608
Moosejaw.com Global - CPS,56,22.608
Moosejaw.com Global - CPS,25,0
Moosejaw.com Global - CPS,25,0
Moosejaw.com Global - CPS,2,0
Moosejaw.com Global - CPS,2,0
Moosejaw.com Global - CPS,2,0
Moosejaw.com Global - CPS,2,0
Moosejaw.com Global - CPS,1,0
Moosejaw.com Global - CPS,1,0
Mothercare [CPS] IN,76,0
Mothercare [CPS] IN,107,0
Mothercare [CPS] IN,66,0
Mothercare [CPS] IN,196,0
Mothercare [CPS] IN,313,0
Muscleblaze.com CPS - India,58,35.11
Muscleblaze.com CPS - India,70,0
Muscleblaze.com CPS - India,46,0
Muscleblaze.com CPS - India,22,0
Muscleblaze.com CPS - India,42,0
Muscleblaze.com CPS - India,31,0
Muscleblaze.com CPS - India,96,0
My Upchar [CPS] IN,33,0
My Upchar [CPS] IN,2,0
My Upchar [CPS] IN,10,0
My Upchar [CPS] IN,1,0
My Upchar [CPS] IN,3,0
My Upchar [CPS] IN,1,0
My Upchar [CPS] IN,4,0
My Upchar [CPS] IN,8,0
My Upchar [CPS] IN,1,0
My Upchar [CPS] IN,1,0
Mydays GmbH (Paused),42,0
Myntra [CPS] IN,492,12.18
Myntra [CPS] IN,350,0
Myntra [CPS] IN,20,0
Myntra [CPS] IN,10,0
Myntra [CPS] IN,679,0
Myprotein - CPS,10,12.0846
Myprotein - CPS,20,23.6063
Myprotein - CPS,20,23.6063
Myprotein - CPS,11,6.0873
Myprotein - CPS,4,0
Myprotein - CPS,1704,0
Myprotein - CPS,1704,0
MyProtein.com CPS - Worldwide,183,0
MyProtein.com CPS - Worldwide,21,0
MyProtein.com CPS - Worldwide,63,0
Netmeds Web [CPS] IN,92,25.73
Netmeds Web [CPS] IN,47,42.29
Netmeds Web [CPS] IN,48,0
Netmeds Web [CPS] IN,35,0
Netmeds Web [CPS] IN,37,0
Netmeds Web [CPS] IN,33,0
NewBalance.com CPS - KW & SA,5,0
NewBalance.com CPS - KW & SA,3,0
NewBalance.com CPS - KW & SA,3,0
NewBalance.com CPS - KW & SA,18,0
NewBalance.com CPS - KW & SA,59,0
Newchic,41,24.55
Newchic,21,0
Newchic,2,0
Newchic,11,0
Newchic,11,0
Newchic,9,0
Newchic,22,0
NewChic.com CPS - Worldwide,60,0
Nexo - CPA,176,0.0038
Nexo - CPA,141,0
Nexo - CPA,141,0
Nexo - CPA,153,0
Nexo - CPA,153,0
Nexo - CPA,473,0.023
Nexo - CPA,473,0.023
Nexo - CPA,126,0.8364
Nexo - CPA,126,0.8364
Nexo - CPA,101,0.0009
Nexo - CPA,101,0.0009
Nexo - CPA,78,0
Nexo - CPA,78,0
Nexo - CPA,1083,0.0583
Nexo - CPA,1083,0.0583
Nexo - CPA,582,0.0211
Nexo - CPA,582,0.0211
Nexo - CPA,849,0
Nexo - CPA,849,0
Nike [CPS] APAC,124,0
Nike [CPS] APAC,154,0
Nike [CPS] APAC,254,0
Nike [CPS] APAC,205,0
Nike [CPS] APAC,161,0
Nike [CPS] APAC,76,0
Nike [CPS] APAC,53,0
Nike [CPS] APAC,737,0
Nilkamal Furniture,9,0
Nilkamal Furniture,182,0
Nilkamal Furniture,12,0
Nilkamal Furniture,12,0
Nilkamal Furniture,57,0
Nilkamal Furniture,19,0
Nilkamal Furniture,1,0
Nilkamal Furniture,9,0
Nokia [CPS] IN,1,0
Nokia [CPS] IN,10,0
Nokia [CPS] IN,2,0
NordVPN,1,0
NordVPN,113,0
Norton [CPS] WW,368,0
Norton [CPS] WW,4,0
Norton [CPS] WW,6,0
Norton [CPS] WW,228,0
Norton LifeLock,1,0
Norton.com Utility CPA - Worldwide,1,0
Nykaa Beauty [CPS] IN,298,24.69
Nykaa Beauty [CPS] IN,228,38.26
Nykaa Beauty [CPS] IN,1164,12.21
Nykaa Beauty [CPS] IN,446,0
Nykaa Beauty [CPS] IN,293,0
Nykaa Beauty [CPS] IN,193,0
Nykaa Beauty [CPS] IN,170,80.5
Nykaafashion [CPS] IN,84,0
Nykaafashion [CPS] IN,148,0
Nykaafashion [CPS] IN,114,0
Nykaafashion [CPS] IN,73,0
Nykaafashion [CPS] IN,115,0
Nykaafashion [CPS] IN,71,0
O3 plus [CPS] IN,9,0
O3 plus [CPS] IN,8,0
O3 plus [CPS] IN,3,0
O3 plus [CPS] IN,2,0
O3 plus [CPS] IN,3,0
O3 plus [CPS] IN,1,0
Omio.com CPS - Worldwide,261,74.56
Omio.com CPS - Worldwide,138,0
Omio.com CPS - Worldwide,198,0
Omio.com CPS - Worldwide,503,0
Onegreen [CPS] IN,30,0
Onegreen [CPS] IN,15,0
Onegreen [CPS] IN,46,0
Onegreen [CPS] IN,7,0
OnePlus [CPS] Many Geos,138,0
OnePlus US & Ca0da,456,0
OnePlus US & Ca0da,268,0
OnePlus US & Ca0da,354,0
OnePlus US & Ca0da,222,0
OnePlus US & Ca0da,200,0
OnePlus US & Ca0da,179,0
OnePlus US & Ca0da,152,0
OnePlus US & Ca0da,303,0
OnePlus US & Ca0da,456,0
OnePlus US & Ca0da,2135,0
OnePlus US & Ca0da,268,0
OnePlus US & Ca0da,354,0
OnePlus US & Ca0da,222,0
OnePlus US & Ca0da,200,0
OnePlus US & Ca0da,179,0
OnePlus US & Ca0da,152,0
OnePlus US & Ca0da,304,0
"Oneplus.com CPS - DE, FR, IN, US, CA, UK & EMEA",9,0
"Oneplus.com CPS - DE, FR, IN, US, CA, UK & EMEA",5,0
Onsitego [CPA] IN,31,24.05
Onsitego [CPA] IN,34,0
Onsitego [CPA] IN,45,0
Onsitego [CPA] IN,50,0
Onsitego [CPA] IN,8,0
Onsitego [CPA] IN,1,0
Onsitego [CPA] IN,52,0
Onsitego [CPA] IN,22,0
Onsitego [CPA] IN,3,0
Onsitego [CPA] IN,12,0
Onsitego [CPA] IN,11,0
Onsitego [CPA] IN,2,0
Onsitego [CPA] IN,1,0
Onsitego [CPA] IN,7,0
OPPO India,24,0
OPPO India,51,0
OPPO India,3,0
OPPO India,2,0
OPPO India,9,0
OPPO India,8,0
OPPO India,8,0
OPPO India,15,0
OPPO India,17,0
OPPO India,34,0
OPPO India,65,0
Oppo India [CPS] IN,30,0
Oppo India [CPS] IN,576,84.13
Oppo India [CPS] IN,35,0
Oppo India [CPS] IN,12,0
Oppo India [CPS] IN,16,0
Oppo India [CPS] IN,2,0
Oppo India [CPS] IN,3,0
Oppo India [CPS] IN,25,0
Oppo India [CPS] IN,1,0
Organic India [CPS] IN,1,0
Oziva [CPS] IN,3,0
Oziva.in CPA - India**,3,0
Oziva.in CPS - India**,1,0
Oziva.in CPS - India**,2,0
Parallels | Mac & Windows Virtualization,22,0
Parallels | Mac & Windows Virtualization,2,0
Parallels.com,127,12.75
Parallels.com,167,27
Parallels.com,1,0
Parallels.com,1,0
Parallels.com,33,0
Paramount+ US,85,0
Paramount+ US,54,0
Paramount+ US,39,0
Paramount+ US,49,0
Paramount+ US,29,0
Paramount+ US,34,0
Paramount+ US,1,0
PatPat,46,1.62
PatPat,77,0
PatPat,74,0
PatPat,31,0
PatPat,17,0
PatPat,10,0
PatPat,2,0
PatPat,2,0
PatPat,1,0
PatPat,1,0
PDF Expert for Mac,1,0
Pdffiller Many Geos,590,0
Peesafe [CPS] IN,2,0
Pepe Innerwear [CPS] IN,1,0
Pepe Innerwear [CPS] IN,8,0
Pepperfry,131,0
Pepperfry,386,26.48
Pepperfry,287,0
Pepperfry,300,0
Pepperfry,218,0
Pepperfry,154,0
Pepperfry,1,0
Pepperfry [CPS] IN,72,15.25
Pepperfry [CPS] IN,48,7.38
Pepperfry [CPS] IN,136,0
Pepperfry [CPS] IN,113,0
Pepperfry [CPS] IN,101,0
Pepperfry [CPS] IN,22,0
Pepperfry.com CPS - India,343,17.22
Perfora [CPS] IN,1,0
Perfora [CPS] IN,82,0
Perfora [CPS] IN,3,0
Perfora [CPS] IN,130,0
Perfora [CPS] IN,4,0
Perfora [CPS] IN,19,0
Perfora [CPS] IN,5,0
Perfora [CPS] IN,32,63.84
Perfora [CPS] IN,24,0
Peter England New [ CPS ] IN,9,0
Peter England New [ CPS ] IN,92,0
Peter England New [ CPS ] IN,91,0
Peter England New [ CPS ] IN,9,0
Peter England New [ CPS ] IN,2,0
Peter England New [ CPS ] IN,1,0
Peter England New [ CPS ] IN,2,0
Picsart,1,0
Pilgrim [CPS] IN,4,0
Pilgrim [CPS] IN,45,0
Pilgrim [CPS] IN,25,0
Pilgrim [CPS] IN,308,0
Plesk [CPS] WW,16,0
Plesk [CPS] WW,10,0
Plum Goodness [CPS] IN,225,0
Plum Goodness [CPS] IN,238,0
Plum Goodness [CPS] IN,238,0
Plum Goodness [CPS] IN,278,0
Plum Goodness [CPS] IN,168,0
Plum Goodness [CPS] IN,42,0
Plum Goodness [CPS] IN,15,0
Plum Goodness [CPS] IN,4,0
Plum Goodness [CPS] IN,1,0
Plum Goodness [CPS] IN,3,0
"PomeloFashion.com CPS - TH, MY, PH, SG & ID",5,0
"PomeloFashion.com CPS - TH, MY, PH, SG & ID",3,0
"PomeloFashion.com CPS - TH, MY, PH, SG & ID",7,0
"PomeloFashion.com CPS - TH, MY, PH, SG & ID",184,0
"PomeloFashion.com CPS - TH, MY, PH, SG & ID",241,0
"PomeloFashion.com CPS - TH, MY, PH, SG & ID",56,0
Pottery Barn AE SA KW,160,0
Pottery Barn AE SA KW,210,0
Pottery Barn AE SA KW,246,0
Pottery Barn AE SA KW,297,0
Pottery Barn AE SA KW,351,0
Pottery Barn AE SA KW,297,0
Pottery Barn AE SA KW,15,0
Pottery Barn AE SA KW,13,0
Pottery Barn AE SA KW,38,0
Pottery Barn AE SA KW,16,0
Pottery Barn AE SA KW,7,0
PUMA,1689,0
PUMA,83,0
PUMA,83,0
PUMA,80,0
PUMA,122,0
PUMA,513,0
PUMA,1689,0
Puma.com CPS - India,1,0
Puma.com CPS - India,584,0
Puma.com CPS - India,123,0
Quicklly,2,0
Quicklly,2,0
Radford Beauty,1,0
Radford Beauty,2,0
Radford Beauty,2,0
Radford Beauty,5,0
Radford Beauty,1,0
Radford Beauty,2,0
Radford Beauty,2,0
Radford Beauty,1,0
Radford Beauty,2,0
Radford Beauty,2,0
Radisson Hotel Group many GEOs,8,0
Radisson Hotel Group many GEOs,17,0
Radisson Hotel Group many GEOs,19,0
Radisson Hotel Group many GEOs,24,0
Radisson Hotel Group many GEOs,52,0
Rage Coffee [CPS] IN,4,0
Rage Coffee [CPS] IN,1,0
Rakuten FR,142,0
RealMe old [CPS] IN,885,0
RealMe old [CPS] IN,770,0
RealMe old [CPS] IN,587,0
RealMe old [CPS] IN,544,0
RealMe old [CPS] IN,446,0
RealMe old [CPS] IN,321,0
RealMe old [CPS] IN,1,0
Reebok,67,0
Reebok,50,0
Reebok,8,0
Reebok,10,0
Reebok,48,0
Reebok,9,0
Reebok,3,0
Reebok,4,0
Rehlat Hotels WW,3,0
Rehlat Hotels WW,1,0
Reliance Digital [CPS] IN,624,0
Reliance Digital [CPS] IN,3,0
Reliance Digital [CPS] IN,7,0
Reliance Digital [CPS] IN,133,0
Reliance Digital [CPS] IN,517,0
Reliance Digital [CPS] IN,2633,0
Reliance Digital [CPS] IN,915,0
Reliance Digital [CPS] IN,42,0
Remitly,99,4
Remitly,156,0
Remitly,211,0
Remitly,73,0
Remitly,41,0
Remitly,42,0
Remitly,25,0
Remitly,25,0
Remitly,44,0
Remitly,2,0
Remitly,99,4
Remitly,718,4
Remitly,156,0
Remitly,211,0
Remitly,73,0
Remitly,41,0
Remitly,42,0
Remitly,25,0
Remitly,25,0
Remitly,44,0
Remitly,2,0
Remitly,156,0
Remitly,211,0
Remitly,413,8
Remitly,400,0
Remitly,452,0
Remitly,361,8
Remitly,356,0
Remitly,260,0
ReneeCosmetics [CPS] IN,26,0
ReneeCosmetics [CPS] IN,37,0
ReneeCosmetics [CPS] IN,58,0
ReneeCosmetics [CPS] IN,30,0
ReneeCosmetics [CPS] IN,13,0
ReneeCosmetics [CPS] IN,10,0
ReneeCosmetics [CPS] IN,1,0
Rentomojo,23,0
Rentomojo,29,0
Rentomojo,7,0
Rentomojo,18,0
Rentomojo,11,0
Rentomojo,10,0
Rentomojo,4,0
Resellerclub.com Utility CPA - Worldwide,31,0
Resellerclub.com Utility CPA - Worldwide,7,0
Resellerclub.com Utility CPA - Worldwide,3,0
Resellerclub.com Utility CPA - Worldwide,1,0
Resellerclub.com Utility CPA - Worldwide,33,0
RforRabbit.com CPS - India,47,0
RforRabbit.com CPS - India,13,0
Rosegal,2,0
Rosegal,1,0
S0pdeal [CPS] IN,18,13.5
S0pdeal [CPS] IN,117,5.52
S0pdeal [CPS] IN,74,12.66
Salvage Reseller,1,0
Salvage Reseller,2,0
Salvage Reseller,3,0
Salvage Reseller,1,0
Salvage Reseller,2,0
Samsung [CPS] IN,18,0
Samsung [CPS] IN,11,0
Samsung [CPS] IN,30,0
Samsung [CPS] IN,18,0
Samsung [CPS] IN,1,0
Samsung Branch,424,0
Samsung Branch,424,0
Samsung Branch,236,0
Samsung Branch,154,0
Samsung SG - CPS,1,0
Samsung SG - CPS,1,0
Samsung SG - CPS,1,0
Samsung SG - CPS,13,0
Samsung SG - CPS,13,0
Samsung SG - CPS,11,0
Samsung SG - CPS,11,0
Samsung SG - CPS,27,0
Samsung SG - CPS,27,0
ScalaHosting.com Utility CPA - Worldwide,14,0
ScalaHosting.com Utility CPA - Worldwide,8,0
ScalaHosting.com Utility CPA - Worldwide,12,0
ScalaHosting.com Utility CPA - Worldwide,5,0
ScalaHosting.com Utility CPA - Worldwide,4,0
ScalaHosting.com Utility CPA - Worldwide,8,0
ScalaHosting.com Utility CPA - Worldwide,10,0
ScalaHosting.com Utility CPA - Worldwide,1,0
Semrush - CPA,1297,0
Semrush - CPA,489,0
Semrush - CPA,4156,24
Semrush - CPA,4156,24
Semrush - CPA,2099,0
Semrush - CPA,2099,0
Semrush.com Utility CPA - Worldwide,15,0
Semrush.com Utility CPA - Worldwide,3,0
Semrush.com Utility CPA - Worldwide,14,0
Semrush.com Utility CPA - Worldwide,8,0
Semrush.com Utility CPA - Worldwide,5,0
Semrush.com Utility CPA - Worldwide,1,0
Semrush.com Utility CPA - Worldwide,15,0
SentryPC,1,0
SentryPC,2,0
SentryPC,2,0
SentryPC,5,0
SentryPC,1,0
SentryPC,2,0
SentryPC,2,0
SentryPC,1,0
Setapp,5,0
Setapp,28,0
Setapp,6,0
Setapp,1,0
Setapp,11,0
Setapp,48,0
Shopclues [ CPS ] IN,1,0
Shopclues [ CPS ] IN,14,0
Shopclues [ CPS ] IN,4,0
Shopclues [ CPS ] IN,7,0
Shopclues [ CPS ] IN,15,0
Shopclues [ CPS ] IN,93,0
Shopclues [ CPS ] IN,90,0
Shopclues [ CPS ] IN,68,0
Shopclues [ CPS ] IN,6,0
Shopclues [ CPS ] IN,165,0
Shopclues [ CPS ] IN,177,17.15
Shopclues [ CPS ] IN,149,0
Shopclues [ CPS ] IN,25,0
Shopclues [ CPS ] IN,6,0
Shopclues [ CPS ] IN,1,0
Shopclues [ CPS ] IN,2,0
Shopclues [ CPS ] IN,2,0
Shopclues [ CPS ] IN,6,1.82
Shopee Indonesia - CPS,32600,47.5196
Shopee Indonesia - CPS,14989,26.3346
Shopee Indonesia - CPS,15374,36.0975
Shopee Indonesia - CPS,15374,36.0975
Shopee Indonesia - CPS,9840,19.3381
Shopee Indonesia - CPS,10177,24.4127
Shopee Indonesia - CPS,21,0.5155
Shopee Indonesia - CPS,10812,7.1883
Shopee Indonesia - CPS,10812,7.1883
Shopee Indonesia - CPS,20808,15.5947
Shopee Indonesia - CPS,20808,15.5947
Shopee Indonesia - CPS,27996,23.6692
Shopee Indonesia - CPS,27996,23.6692
Shopee Indonesia - CPS,15951,22.5301
Shopee Indonesia - CPS,15951,22.5301
Shopee Indonesia - CPS,16008,15.8092
Shopee Indonesia - CPS,16008,15.8092
Shopee Indonesia - CPS,16031,12.228
Shopee Indonesia - CPS,16031,12.228
Shopee Indonesia - CPS,4517,2.6911
Shopee Indonesia - CPS,4517,2.6911
Shopee Indonesia - CPS,4324,2.3228
Shopee Indonesia - CPS,4324,2.3228
Shopee Indonesia - CPS,3235,8.2351
Shopee Indonesia - CPS,3235,8.2351
Shopee Indonesia - CPS,3308,5.6757
Shopee Indonesia - CPS,3308,5.6757
Shopee Indonesia - CPS,3039,8.6652
Shopee Indonesia - CPS,3039,8.6652
Shopee Indonesia - CPS,2839,6.1867
Shopee Indonesia - CPS,2839,6.1867
Shopee Indonesia - CPS,164,0.2518
Shopee Indonesia - CPS,164,0.2518
Shopee Indonesia - CPS,138,0.1173
Shopee Indonesia - CPS,138,0.1173
Shopee SG - CPS,12220,49.232
Shopee SG - CPS,7473,53.0041
Shopee SG - CPS,6709,36.5358
Shopee SG - CPS,6709,36.5358
Shopee SG - CPS,6668,24.569
Shopee SG - CPS,4941,25.1282
Shopee SG - CPS,26,1.7003
Shopee SG - CPS,3413,10.365
Shopee SG - CPS,3413,10.365
Shopee SG - CPS,10574,35.4403
Shopee SG - CPS,10574,35.4403
Shopee SG - CPS,8655,45.6704
Shopee SG - CPS,8655,45.6704
Shopee SG - CPS,10119,52.0323
Shopee SG - CPS,10119,52.0323
Shopee SG - CPS,9071,22.1496
Shopee SG - CPS,9071,22.1496
Shopee SG - CPS,8595,33.0998
Shopee SG - CPS,8595,33.0998
Shopee SG - CPS,2774,11.0838
Shopee SG - CPS,2774,11.0838
Shopee SG - CPS,2427,8.7042
Shopee SG - CPS,2427,8.7042
Shopee SG - CPS,1645,5.1246
Shopee SG - CPS,1645,5.1246
Shopee SG - CPS,1753,37.2279
Shopee SG - CPS,1753,37.2279
Shopee SG - CPS,1907,11.993
Shopee SG - CPS,1907,11.993
Shopee SG - CPS,3078,0.293
Shopee SG - CPS,3078,0.293
Shopee SG - CPS,121,1.2773
Shopee SG - CPS,121,1.2773
Shopee SG - CPS,146,0.421
Shopee SG - CPS,146,0.421
Shopee TH - CPS,33160,72.848
Shopee TH - CPS,19940,65.255
Shopee TH - CPS,19035,38.4635
Shopee TH - CPS,19035,38.4635
Shopee TH - CPS,13343,33.1964
Shopee TH - CPS,18416,29.4902
Shopee TH - CPS,15,0.828
Shopee TH - CPS,12882,10.2837
Shopee TH - CPS,12882,10.2837
Shopee TH - CPS,33163,49.9301
Shopee TH - CPS,33163,49.9301
Shopee TH - CPS,31702,46.2539
Shopee TH - CPS,31702,46.2539
Shopee TH - CPS,13241,20.2932
Shopee TH - CPS,13241,20.2932
Shopee TH - CPS,23828,29.2176
Shopee TH - CPS,23828,29.2176
Shopee TH - CPS,27465,31.6923
Shopee TH - CPS,27465,31.6923
Shopee TH - CPS,11491,15.1003
Shopee TH - CPS,11491,15.1003
Shopee TH - CPS,8569,6.1492
Shopee TH - CPS,8569,6.1492
Shopee TH - CPS,7810,10.6464
Shopee TH - CPS,7810,10.6464
Shopee TH - CPS,10085,8.5568
Shopee TH - CPS,10085,8.5568
Shopee TH - CPS,5735,12.6667
Shopee TH - CPS,5735,12.6667
Shopee TH - CPS,5943,8.0423
Shopee TH - CPS,5943,8.0423
Shopee TH - CPS,288,0.9711
Shopee TH - CPS,288,0.9711
Shopee TH - CPS,246,0.2393
Shopee TH - CPS,246,0.2393
Shopee.co.id CPS - Indonesia,757,0
Shopee.co.th CPS - Thailand,1,0
Shopee.com.my CPS - Malaysia,5821,0
Shopee.com.my CPS - Malaysia,9851,0
Shopee.com.my CPS - Malaysia,4541,0
Shopee.com.my CPS - Malaysia,4171,0
Shopee.com.my CPS - Malaysia,3480,0
Shopee.com.my CPS - Malaysia,423,0
shopflys.com,1,0
Shopify CPA,12530,0
Shopify CPA,17389,0
Shopify CPA,1,0
Shopify CPA,1,0
Shopify CPA,80,0
Shopify CPA,80,0
Shopify CPA,445,0
Shopify CPA,445,0
Shopify CPA,395,0
Shopify CPA,395,0
Shopify CPA,317,0
Shopify CPA,317,0
Shopify CPA,44,0
Shopify CPA,44,0
Shopify CPA,33,0
Shopify CPA,33,0
Shopify CPA,17,0
Shopify CPA,17,0
Shopify CPA,14,0
Shopify CPA,14,0
Shopify CPA,11681,0
Shopify CPA,11681,0
Shopify CPA,52413,0
Shopify CPA,52413,0
Shopify CPA,38125,0
Shopify CPA,38125,0
Shopify.com Utility CPA - Worldwide**,1,0
Shopify.com Utility CPA - Worldwide**,1,0
Shopify.com Utility CPA - Worldwide**,5,0
Shopify.com Utility CPA - Worldwide**,7,0
Shopify.com Utility CPA - Worldwide**,10,0
Shopsy App [CPS] IN,9,0
Shopsy App [CPS] IN,6,0
Shutterstock WW,18736,0
Shutterstock WW,2281,0
Shutterstock WW,1576,0
Shutterstock WW,1203,0
Shutterstock WW,889,0
Shutterstock WW,2316,0
Shutterstock WW,1944,0
Shyaway [CPS] IN,50,0
Shyaway [CPS] IN,44,0
Shyaway [CPS] IN,66,0
Shyaway [CPS] IN,3,0
Shyaway [CPS] IN,13,0
Shyaway [CPS] IN,5,0
Shyaway [CPS] IN,2,0
Shyaway [CPS] IN,4,0
Simpleskincare.in CPS - India,2,0
Simpleskincare.in CPS - India,2,0
Simpleskincare.in CPS - India,5,0
Simpleskincare.in CPS - India,16,0
Skechers,2,0
Skechers,2,0
Skillshare,53,0
Skillshare,60,0
Skillshare,28,0
Skillshare,39,13.2
Skillshare,25,0
Skillshare,44,0
Skillshare,40,7.07
Skillshare,53,0
Skillshare,290,20.27
Skillshare,60,0
Skillshare,28,0
Skillshare,39,13.2
Skillshare,25,0
Skillshare,44,0
Skillshare,41,7.07
Skillshare Many GEOs,13,0
Sleepycat [CPS] IN,65,0
Sleepycat [CPS] IN,25,0
Sleepycat.in CPS - India,20,0
Sleepycat.in CPS - India,1,0
Sleepycat.in CPS - India,5,0
Sleepycat.in CPS - India,7,0
Sleepycat.in CPS - India,8,0
Slider Revolution,1,0
Slider Revolution,36,0
Slider Revolution,20,0
Slider Revolution,3,0
Slider Revolution,3,0
Slider Revolution,2,0
Slider Revolution,1,0
Slider Revolution,65,0
Slider Revolution,36,0
Slider Revolution,20,0
Slider Revolution,3,0
Slider Revolution,3,0
Slider Revolution,2,0
Slider Revolution,74,0
Slider Revolution,46,0
Slider Revolution,48,0
Slider Revolution,42,0
Slider Revolution,42,0
Slider Revolution,55,0
Slider Revolution,19,0
Slurrpfarm,1,0
Slurrpfarm [CPS] IN,8,0
Slurrpfarm [CPS] IN,32,0
Slurrpfarm [CPS] IN,17,0
Slurrpfarm [CPS] IN,6,0
Slurrpfarm [CPS] IN,22,0
Slurrpfarm [CPS] IN,4,0
Slurrpfarm [CPS] IN,13,0
Slurrpfarm [CPS] IN,9,0
So0ta Watches [CPS] IN,1,0
Soda PDF Utility CPS - WorldWide,168,0
Soda PDF Utility CPS - WorldWide,16,0
Soulfull [CPS] IN,13,0
Soulfull [CPS] IN,2,0
Soulfull [CPS] IN,6,0
Soulfull [CPS] IN,8,0
Soulfull [CPS] IN,8,0
Soulfull [CPS] IN,4,0
SPanel,2,0
SPanel,1,0
SPanel,1,0
SPanel,4,0
SPanel,2,0
SPanel,1,0
SPanel,1,0
Spocket,2,0
SquareSpace CPA (Offline),8434,0
SquareSpace CPA (Offline),242,72.25
SquareSpace CPA (Offline),204,72.25
SquareSpace CPA (Offline),233,0
SquareSpace CPA (Offline),12609,0
SSLs.com,1,0
SSLs.com,6,0
SSLs.com,4,0
SSLs.com,4,0
SSLs.com,2,0
SSLs.com,2,0
SSLs.com,9,27.56
SSLs.com,8,0
SSLs.com,1,0
SSLs.com,36,27.56
SSLs.com,6,0
SSLs.com,4,0
SSLs.com,4,0
SSLs.com,2,0
SSLs.com,2,0
SSLs.com,9,27.56
SSLs.com,8,0
Stablehost - CPA,2,0
Stablehost - CPA,1,0
Stablehost - CPA,2,0
Stablehost - CPA,2,0
Stablehost - CPA,1,0
Stablehost - CPA,1,0
Stablehost - CPA,1,0
Stablehost - CPA,1,0
Steve Madden,3,0
Strawberrynet,7,0
Strawberrynet,5,0
Strawberrynet,2,0
Strawberrynet,2,0
Strawberrynet,5,0
Strawberrynet,17,0
Strawberrynet,15,0
StubHub NORAM,75,0.676889978
StubHub NORAM,60,0.69915252
StubHub NORAM,55,0.733525073
StubHub NORAM,56,0.367680968
StubHub NORAM,87,0.495411923
StubHub NORAM,81,0.553944765
StubHub NORAM,6,0.77977317
StubHub NORAM,2,0.53921571
StubHub NORAM,1,0
StubHub NORAM,1,0.816831675
StubHub NORAM,1,0.816831675
SuperJob,14,0
SuperJob,26,0
SuperJob,22,0
SuperJob,10,0
SuperJob,6,0
Supertails,6,0
Supertails,9,0
Supertails,9,0
Supertails,1,0
Supertails,7,0
Supertails,6,0
Supre,10,0
Supre,18,0
Surfshark,14,0
Surfshark,31,0
Surfshark,34,8.28
Surfshark,6,0
Surfshark,1,0
Surfshark,6,0
Surfshark,39,0
Swiggy,2,0
Swiggy,2,0
Swiggy web [CPS] IN,22,0
Swiggy web [CPS] IN,4,0
SwissBeauty [CPS] IN,7,0
SwissBeauty [CPS] IN,1,0
SwissBeauty [CPS] IN,6,0
SwissBeauty [CPS] IN,1,0
SwissBeauty [CPS] IN,3,0
SwissBeauty [CPS] IN,2,0
Tanishq [CPS] IN,462,0
Tanishq [CPS] IN,496,0
Tanishq [CPS] IN,428,21
Tanishq [CPS] IN,68,0
Tanishq [CPS] IN,128,0
Tanishq [CPS] IN,157,0
Tanishq [CPS] IN,11,0
Tanishq [CPS] IN,3,0
Tanishq [CPS] IN,9,0
Tanishq [CPS] IN,1,0
Tanishq [CPS] IN,57,0
Tanishq [CPS] IN,17,0
Tapfiliate WW,1,0
TataCliq [CPS] IN,180,0
TataCliq [CPS] IN,1,0
TataCliq [CPS] IN,137,0
TataCliq [CPS] IN,190,0
TataCliq [CPS] IN,660,0
TataCliq [CPS] IN,818,0
TataCliq [CPS] IN,117,0
TataCliq [CPS] IN,7,0
Tatacliq.com CPS - India,445,95.09
Tatacliq.com CPS - India,271,0
TCL India,5,0
TCL India,1,0
TCL India,10,0
TCL India,1,0
TCL India,5,0
TCL India,17,0
TCL India,1,0
TCL India,10,0
TCL India,1,0
TCL Indonesia,1,0
TCL Indonesia,2,0
TCL Indonesia,1,0
TCL Indonesia,1,0
TCL Indonesia,5,0
TCL Indonesia,1,0
TCL Indonesia,2,0
TCL Indonesia,1,0
TCL Indonesia,1,0
TCL.com CPS - India,1,0
Teepublic - CPS,278,3.2174
Teepublic - CPS,278,3.2174
Teepublic - CPS,173,2.768
Teepublic - CPS,375,6.1028
Teepublic - CPS,445,0
Teepublic - CPS,445,0
Teepublic - CPS,386,0
Teepublic - CPS,386,0
Teepublic - CPS,150,0.72
Teepublic - CPS,150,0.72
Teepublic - CPS,184,0
Teepublic - CPS,184,0
Teepublic - CPS,294,0
Teepublic - CPS,294,0
Teepublic - CPS,88,0
Teepublic - CPS,88,0
Teepublic - CPS,47,0
Teepublic - CPS,47,0
Teepublic - CPS,54,0
Teepublic - CPS,54,0
Teepublic - CPS,26,0
Teepublic - CPS,26,0
Teepublic - CPS,178,0.224
Teepublic - CPS,178,0.224
Teepublic - CPS,450,0.352
Teepublic - CPS,450,0.352
Teepublic - CPS,243,0.304
Teepublic - CPS,243,0.304
Temu Global - CPS,526,0
Temu Global - CPS,526,0
Temu Global - CPS,14862,2.3228
Temu Global - CPS,14862,2.3228
Temu Global - CPS,24327,0
Temu Global - CPS,24327,0
Temu Global - CPS,40001,2.7628
Temu Global - CPS,40001,2.7628
Temu Global - CPS,26884,2.3276
Temu Global - CPS,26884,2.3276
Tenorshare,390,0
Tenorshare,484,0
Tenorshare,49,8.73
Tenorshare,150,12.48
Tenorshare,141,12.48
Tenorshare,49,0
Tenorshare,144,0
Tenorshare [CPS] WW,611,0
Tescomobile.com CPS - United Kingdom,58,0
Tescomobile.com CPS - United Kingdom,103,0
Tescomobile.com CPS - United Kingdom,110,0
Tescomobile.com CPS - United Kingdom,33,0
Tescomobile.com CPS - United Kingdom,7,0
Tescomobile.com CPS - United Kingdom,51,0
Tescomobile.com CPS - United Kingdom,55,0
Tescomobile.com CPS - United Kingdom,51,0
Tescomobile.com CPS - United Kingdom,66,0
TexTale Affiliate Program,1,0
The Derma Co [CPS] IN,83,0
The Derma Co [CPS] IN,1,0
The Derma Co [CPS] IN,116,0
The Men's Wearhouse,23,0
The Men's Wearhouse,35,0
The Men's Wearhouse,63,0
The Men's Wearhouse,127,0
The Men's Wearhouse,71,0
The Sleep Company [CPS] IN,81,0
The Sleep Company [CPS] IN,17,0
The Sleep Company [CPS] IN,10,0
The Sleep Company [CPS] IN,15,0
The Sleep Company [CPS] IN,18,0
TheayurvedaCo [CPS] IN,5,0
Thedermaco.com CPS - India,1,0
TheManCompany [CPS] IN,2,0
TheManCompany [CPS] IN,3,0
TheManCompany [CPS] IN,5,0
TheManCompany [CPS] IN,2,0
TheManCompany [CPS] IN,1,0
TheManCompany [CPS] IN,43,0
TheManCompany [CPS] IN,14,0
TheManCompany [CPS] IN,40,0
TheManCompany [CPS] IN,2,0
TheManCompany [CPS] IN,16,0
Themomsco [CPS] IN,314,0
Themomsco [CPS] IN,16,0
TheOutNet GCC,844,0
TheOutNet GCC,1294,0
TheOutNet GCC,1466,0
TheOutNet GCC,1252,0
TheOutNet GCC,810,0
Threadsy,14,2.15
Threadsy,10,4
Threadsy,9,6.43
Threadsy,9,1.23
Threadsy,3,0
Threadsy,4,0
Thriftbooks - CPS,2800,55.0305
Thriftbooks - CPS,1122,24.5581
Thriftbooks - CPS,917,15.939
Thriftbooks - CPS,917,15.939
Thriftbooks - CPS,869,16.935
Thriftbooks - CPS,832,14.6427
Thriftbooks - CPS,5,1.6068
Thriftbooks - CPS,405,1.2549
Thriftbooks - CPS,405,1.2549
Thriftbooks - CPS,1695,5.734
Thriftbooks - CPS,1695,5.734
Thriftbooks - CPS,884,4.7225
Thriftbooks - CPS,884,4.7225
Thriftbooks - CPS,638,2.6437
Thriftbooks - CPS,638,2.6437
Thriftbooks - CPS,734,4.7755
Thriftbooks - CPS,734,4.7755
Thriftbooks - CPS,682,5.2815
Thriftbooks - CPS,682,5.2815
Thriftbooks - CPS,214,1.2923
Thriftbooks - CPS,214,1.2923
Thriftbooks - CPS,143,0
Thriftbooks - CPS,143,0
Thriftbooks - CPS,186,1.5084
Thriftbooks - CPS,186,1.5084
Thriftbooks - CPS,67,0.5096
Thriftbooks - CPS,67,0.5096
Thriftbooks - CPS,57,0
Thriftbooks - CPS,57,0
Thriftbooks - CPS,688,0.8137
Thriftbooks - CPS,688,0.8137
Thriftbooks - CPS,2642,0.3682
Thriftbooks - CPS,2642,0.3682
Thriftbooks - CPS,2546,1.1134
Thriftbooks - CPS,2546,1.1134
Times Prime [CPA] IN,323,0
Times Prime [CPA] IN,257,0
Times Prime [CPA] IN,124,0
Times Prime [CPA] IN,182,0
Times Prime [CPA] IN,409,0
Times Prime [CPA] IN,73,0
Times Prime [CPA] IN,74,0
Times Prime [CPA] IN,40,0
Times Prime [CPA] IN,76,0
Times Prime [CPA] IN,46,0
Times Prime [CPA] IN,71,0
Times Prime [CPA] IN,26,0
Tiqets CPS (Offline),1024,23.3723
Tiqets CPS (Offline),592,0
Tiqets CPS (Offline),98,0
Tiqets CPS (Offline),41,0
Tiqets CPS (Offline),41,0
Tiqets CPS (Offline),167,0
Tiqets CPS (Offline),167,0
Tiqets CPS (Offline),268,91
Tiqets CPS (Offline),268,91
Tiqets CPS (Offline),326,65.65
Tiqets CPS (Offline),326,65.65
Tiqets CPS (Offline),60,0
Tiqets CPS (Offline),60,0
Titan [CPS] IN,156,0
Titan [CPS] IN,914,0
Titan [CPS] IN,1139,0
Titan [CPS] IN,2031,0
Titan [CPS] IN,102,0
Titan [CPS] IN,81,0
Titan [CPS] IN,189,0
Titan [CPS] IN,1031,0
Titan.co.in CPS - India,6,0
Tomtop.com CPS - Worldwide,1,0
Tomtop.com CPS - Worldwide,2,0
Tomtop.com CPS - Worldwide,15,0
Tomtop.com CPS - Worldwide,18,0
Top Rankers [CPA] IN,139,73.46
Top Rankers [CPA] IN,301,0
Top Rankers [CPA] IN,301,0
Top Rankers [CPA] IN,2,0
Top Rankers [CPA] IN,4,0
Top Rankers [CPA] IN,1,0
Trafft,1,0
Trafft,4,0
Trafft,2,0
Trafft,2,0
Trainer Academy,1,0
Trainer Academy,1,0
Trainer Academy,2,0
Trainer Academy,1,0
Trainer Academy,1,0
Trainline WW,49965,63.76
Travelstart,16,0
Travelstart,1,0
Travelstart,1,0
Travelstart,1,0
Travelstart,18,0
Travelstart,16,0
Travelstart,37,0
Travelstart,1,0
Travelstart,1,0
Travelstart,1,0
Travelstart,18,0
Tribesigns,2,0
Tribesigns,5,0
Tribesigns,4,0
Tribesigns,2,0
Tribesigns,2,0
Tribesigns,3,0
Tribesigns,2,0
Tribesigns,18,0
Tribesigns,5,0
Tribesigns,4,0
Tribesigns,2,0
Tribesigns,2,0
Tribesigns,3,0
Truebasics.com CPS - India,5,0
Truebasics.com CPS - India,1,0
Truebasics.com CPS - India,1,0
Truebasics.com CPS - India,2,0
Truebasics.com CPS - India,4,0
Truebasics.com CPS - India,1,0
Truebasics.com CPS - India,1,0
TurboVPN WW,340,0
TurboVPN WW,182,0
TurboVPN WW,219,0
TurboVPN WW,232,0
TurboVPN WW,4,0
TurboVPN WW,5,0
TurboVPN WW,29,0
TurboVPN WW,22,0
TurboVPN WW,36,0
TurboVPN WW,42,0
TutorialsPoint.com CPS - Worldwide,2310,0
TutorialsPoint.com CPS - Worldwide,1187,0
TutorialsPoint.com CPS - Worldwide,1064,0
TutorialsPoint.com CPS - Worldwide,490,0
TutorialsPoint.com CPS - Worldwide,704,0
TutorialsPoint.com CPS - Worldwide,456,0
TVCmall WW,7,0
TVCmall WW,13,0
TVCmall WW,8,0
TVCmall WW,13,0
TVCmall WW,10,0
TVCmall WW,1,0
TVCmall WW,4,0
TVCmall WW,5,0
TVCmall WW,3,0
TVCmall WW,4,0
TVCmall WW,1,0
TVCmall WW,2,0
TVCmall WW,4,0
Uber Global Riders,3570,0
Uber Global Riders,5323,0
Uber Global Riders,265,0
Uber Global Riders,536,0
Uber Global Riders,473,0
Uber Global Riders,333,0
Uber Global Riders,1542,0
Ubuy Many GEOs Offline codes & Links,5,0
Ubuy Many GEOs Offline codes & Links,2,0
Ubuy Many GEOs Offline codes & Links,1,0
Ubuy Many GEOs Offline codes & Links,7,0
Ubuy Many GEOs Offline codes & Links,6,0
Ubuy Many GEOs Offline codes & Links,3,0
UCB [CPS] IN,14,0
UCB [CPS] IN,26,0
Udacity Affiliate Program,997,0
Udacity Affiliate Program,122,0
Udacity Affiliate Program,96,0
Udacity Affiliate Program,927,0
Udacity Affiliate Program,1042,0
Udacity Affiliate Program,208,0
Udacity Affiliate Program,61,0
Udacity Affiliate Program,74,0
Udacity Affiliate Program,45,0
Udacity Affiliate Program,38,0
Udacity Affiliate Program,45,0
Udemy WW,4,0
Udemy WW,1,0
Udemy WW,4,0
Udemy WW,2,0
Udemy WW,2,0
Udemy WW,2,0
Upwork,1346,0
Upwork,2273,0
Upwork,917,70
Upwork,1331,0
Upwork,1307,0
Upwork,851,35
Upwork,998,14
Urbanic,4,0
Urbanic [CPS] IN,431,0
Urbanic [CPS] IN,2,0
Urbanic [CPS] IN,227,0
Urbanic [CPS] IN,48,0
Urbanic [CPS] IN,7,0
Urbanic [CPS] IN,28,0
Urbanic [CPS] IN,44,0
Ursime,3,0
Ursime,2,0
Ursime,5,0
Ursime,3,0
Ursime,2,0
Ustraa [CPS] IN,1,0
utsource.net,3,0
utsource.net,2,0
utsource.net,1,0
utsource.net,1,0
utsource.net,1,0
Verabradley CPS (Offline),1,0
Verabradley CPS (Offline),1,0
Verabradley CPS (Offline),1,0
Veromoda [CPS] IN,568,0
Veromoda [CPS] IN,55,0
Veromoda [CPS] IN,57,0
Veromoda [CPS] IN,1,0
Veromoda [CPS] IN,7,0
Veromoda [CPS] IN,12,0
Veromoda [CPS] IN,9,0
Veromoda [CPS] IN,41,0
Vestiaire Collective - CPS,131,0
Vestiaire Collective - CPS,94,0
Vestiaire Collective - CPS,123,0
Vestiaire Collective - CPS,123,0
Vestiaire Collective - CPS,82,0
Vestiaire Collective - CPS,56,0
Vestiaire Collective - CPS,6,0
Vestiaire Collective - CPS,71,0
Vestiaire Collective - CPS,71,0
Vestiaire Collective - CPS,125,0
Vestiaire Collective - CPS,125,0
Vestiaire Collective - CPS,121,0
Vestiaire Collective - CPS,121,0
Vestiaire Collective - CPS,261,16
Vestiaire Collective - CPS,261,16
Vestiaire Collective - CPS,131,0
Vestiaire Collective - CPS,131,0
Vestiaire Collective - CPS,95,0
Vestiaire Collective - CPS,95,0
Vestiaire Collective - CPS,19,0
Vestiaire Collective - CPS,19,0
Vestiaire Collective - CPS,15,0
Vestiaire Collective - CPS,15,0
Vestiaire Collective - CPS,6,0
Vestiaire Collective - CPS,6,0
Vestiaire Collective - CPS,9,0
Vestiaire Collective - CPS,9,0
Vestiaire Collective - CPS,6,0
Vestiaire Collective - CPS,6,0
Vestiaire Collective - CPS,167,0
Vestiaire Collective - CPS,167,0
Vestiaire Collective - CPS,362,0
Vestiaire Collective - CPS,362,0
Vestiaire Collective - CPS,383,0
Vestiaire Collective - CPS,383,0
Vevor Many GEOs,1,0
Vevor Many GEOs,38,0
Viator.com CPS - Worldwide,201,0
Viator.com CPS - Worldwide,151,0
Vijay Sales [CPS] IN,373,50.39
Vijay Sales [CPS] IN,51,0
Vijay Sales [CPS] IN,34,0
Vijay Sales [CPS] IN,19,0
Vijay Sales [CPS] IN,31,0
Vijay Sales [CPS] IN,20,0
Vijay Sales [CPS] IN,2,0
Vilvah Store [CPS] IN,12,0
Vilvah Store [CPS] IN,48,0
Vilvah Store [CPS] IN,17,0
Vilvah Store [CPS] IN,5,0
Vistara [CPS] IN,293,0
Vistara [CPS] IN,220,0
Vivo RU,2,0
Vivo RU,1,0
Vivo RU,1,0
Vivo RU,2,0
Vivo RU,2,0
Vrbo - CPS,2329,8.56
Vrbo - CPS,356,0
Vrbo - CPS,191,0
Vrbo - CPS,342,70.2
Vrbo - CPS,116,0
Vrbo - CPS,845,0
Vueling FR CPS,4758,0
Vueling FR CPS,5063,0
Vueling FR CPS,5333,0
Vueling FR CPS,5333,0
Vueling FR CPS,787,0
Vueling FR CPS,29,0
Vueling FR CPS,29,0
Vueling FR CPS,77,0
Vueling FR CPS,77,0
Vueling FR CPS,1646,0
Vueling FR CPS,1646,0
Vueling FR CPS,814,0
Vueling FR CPS,814,0
Vueling FR CPS,52,0
Vueling FR CPS,52,0
Wakefit.co CPS - India,103,0
Wakefit.co CPS - India,72,0
Wakefit.co CPS - India,96,0
Wakefit.co CPS - India,31,0
Wakefit.co CPS - India,1,0
Walmart Affiliate Program,11333,11.95
Walmart Affiliate Program,3602,73.21
Walmart Affiliate Program,3230,69.03
Walmart Affiliate Program,3686,99.71
Walmart Affiliate Program,3602,73.21
Walmart Affiliate Program,3230,69.03
Walmart Affiliate Program,3686,99.71
Walmart Affiliate Program,11333,11.95
Walmart Affiliate Program,50,14.42
Web.com,32,0
Web.com,3698,0
Web.com,32,0
Web.com,4178,0
Web.com,53,0
Web.com,69,0
Web.com,60,0
Web.com,53,0
Web.com,61,10
Web.com,426,0
Web.com,29,0
Web.com,15,0
Web.com,16,0
Web.com,14,0
Web.com,799,0
Web.com,3656,0
Web.com,4178,0
Web.com,54,0
Web.com,9378,10
Web.com,60,0
Web.com,53,0
Web.com,61,10
Web.com,426,0
Web.com,29,0
Web.com,15,0
Web.com,16,0
Web.com,14,0
Web.com,799,0
Web.com,3658,0
Web.com,32,0
Web.com,54,0
Web.com,69,0
Web.com,60,0
Web.com,53,0
Web.com,61,10
Web.com,4638,75
Web.com,3436,10
Web.com,3582,60
Web.com,3142,80
Web.com,2859,0
Web.com,144,0
WestKiss Hair,3,0
WestKiss Hair,1,0
WestKiss Hair,2,0
WestKiss Hair,3,0
WestKiss Hair,3,0
WestKiss Hair,9,0
WestKiss Hair,1,0
WestKiss Hair,2,0
WestKiss Hair,3,0
Wholesale21 WW,3,0
Wholesale21 WW,2,0
Wholesale21 WW,11,0
Wholesale21 WW,83,0
Wholesale21 WW,11,0
WinXDVD WW,2,0
WinZip and ReviverSoft | Utility Software,10,0
WinZip and ReviverSoft | Utility Software,13,0
WinZip and ReviverSoft | Utility Software,10,0
WinZip and ReviverSoft | Utility Software,2,0
WinZip and ReviverSoft | Utility Software,102,0
WinZip and ReviverSoft | Utility Software,577,0
WinZip and ReviverSoft | Utility Software,259,0
Wish,258,6.14
Wish,285,0.68
Wish,268,1.01
Wish,207,0.38
Wish,165,0.69
Wish,151,0
Wish,200,0
Wish,177,5.1
Wish,258,6.14
Wish,1711,14
Wish,285,0.68
Wish,268,1.01
Wish,207,0.38
Wish,165,0.69
Wish,151,0
Wish,200,0
Wish,177,5.1
Wondershare Software,335,0
Wondershare Software,869,36.12
Wondershare Software,213,5.99
Wondershare Software,174,27.85
Wondershare Software,379,9
Wondershare Software,1224,17.89
Wondershare WW,51,0
Wondershare WW,3,0
Wondershare WW,1,0
WOWskinscienceindia.com CPS - India,209,0
WOWskinscienceindia.com CPS - India,14,0
WOWskinscienceindia.com CPS - India,51,0
WOWskinscienceindia.com CPS - India,20,0
WOWskinscienceindia.com CPS - India,25,0
WOWskinscienceindia.com CPS - India,3,0
WOWskinscienceindia.com CPS - India,10,0
WOWskinscienceindia.com CPS - India,101,0
WOWskinscienceindia.com CPS - India,2,0
WPS Office,20,0
Wrapcart [CPS] WW,327,0
Wrapcart [CPS] WW,18,0
xcom-shop.ru,3,0
Xiaomi,1,0
Xiaomi,2,0
Xiaomi,3,0
Xiaomi,5,0
Xiaomi,6,0
Xiaomi,11,0
Yatra [CPS] IN,2,0
Yatra [CPS] IN,11,0
Yatra [CPS] IN,14,0
Yatra [CPS] IN,6,0
Yesstyle.com CPS - Worldwide,365,0
Yesstyle.com CPS - Worldwide,316,0
Yesstyle.com CPS - Worldwide,941,0
Yesstyle.com CPS - Worldwide,2480,0
Yolova,1,0
Yolova,1,0
Yolova,1,0
Yolova,1,0
Yoox Many GEOs,988,0
Yoox Many GEOs,614,0
Yoox Many GEOs,442,0
Yoox Many GEOs,724,0
Yoox Many GEOs,419,0
Yoox Many GEOs,403,0
Yoox Many GEOs,3,0
ZAFUL,386,0
ZAFUL,224,0
ZAFUL,266,0
ZAFUL,251,0
ZAFUL,89,0
Zaful WW,5,0
Zaful WW,4,0
Zaful WW,1,0
Zalora HK - CPS,47,0
Zalora HK - CPS,204,0
Zalora HK - CPS,87,0
Zalora HK - CPS,87,0
Zalora HK - CPS,62,0
Zalora HK - CPS,32,0
Zalora HK - CPS,28,0
Zalora HK - CPS,28,0
Zalora HK - CPS,97,0
Zalora HK - CPS,97,0
Zalora HK - CPS,131,0
Zalora HK - CPS,131,0
Zalora HK - CPS,83,0
Zalora HK - CPS,83,0
Zalora HK - CPS,70,0
Zalora HK - CPS,70,0
Zalora HK - CPS,32,0
Zalora HK - CPS,32,0
Zalora HK - CPS,21,0
Zalora HK - CPS,21,0
Zalora HK - CPS,9,0
Zalora HK - CPS,9,0
Zalora HK - CPS,1,0
Zalora HK - CPS,1,0
Zalora HK - CPS,1,0
Zalora HK - CPS,1,0
Zalora HK - CPS,42,0
Zalora HK - CPS,42,0
Zalora PH - CPS,54,0
Zalora PH - CPS,54,0
Zalora PH - CPS,131,0
Zalora PH - CPS,131,0
Zalora PH - CPS,460,0
Zalora PH - CPS,460,0
Zalora PH - CPS,334,4.2354
Zalora PH - CPS,334,4.2354
Zalora PH - CPS,109,0
Zalora PH - CPS,109,0
Zalora PH - CPS,208,0
Zalora PH - CPS,208,0
Zalora PH - CPS,111,0
Zalora PH - CPS,111,0
Zalora PH - CPS,66,0
Zalora PH - CPS,66,0
Zalora PH - CPS,82,0
Zalora PH - CPS,82,0
Zalora PH - CPS,35,0
Zalora PH - CPS,35,0
Zalora PH - CPS,33,0
Zalora PH - CPS,33,0
Zalora PH - CPS,46,0
Zalora PH - CPS,46,0
"Zalora.sg CPS - SG, MY & ID",29,0
"Zalora.sg CPS - SG, MY & ID",320,0
Zigly [CPS] IN,1,0
Zigly [CPS] IN,2,0
Zigly [CPS] IN,8,0
Zigly [CPS] IN,26,0
Zigly [CPS] IN,17,0
Zigly [CPS] IN,9,0
ZipRecruiter US,3,0
ZipRecruiter US,1,0
ZipRecruiter US,1,0
ZipRecruiter US,12,0
ZipRecruiter US,1,0
Zulily.com CPS - USA,8,0
Zulily.com CPS - USA,6,0
Zulily.com CPS - USA,8,0
Zulily.com CPS - USA,6,0
Zulily.com CPS - USA,2284,0
Zulily.com CPS - USA,1085,0
Zulily.com CPS - USA,987,0
